<?xml version="1.0"?>
<ArrayOfUnitNumberDatabaseEntry xmlns:xsd="http://www.w3.org/2001/XMLSchema" xmlns:xsi="http://www.w3.org/2001/XMLSchema-instance">

	<!-- 
	
    Realisitc Roster Numbering by The Depot. TheDepotServer.com
    Most roster numbers are gathered from TheDieselShop.us
    This XML is intended for The Depot operations, but you may retain a copy and alter to your own likings.
    Some Loco Ranges were split in number ranges to diversify the numbers by the default schemes in Run 8.
	
	Data is sorted in the same order as displayed in TMU in Run8 V3
	
	version date: 03/28/2024
	
  -->


	<!--R8_C449W_ATSF01-->
	<!--ATSF Dash 9 Clean-->
	<UnitNumberDatabaseEntry>
		<rvXMLfilename>R8_C449W_ATSF01</rvXMLfilename>
		<min>600</min>
		<max>699</max>
	</UnitNumberDatabaseEntry>
	
	
	<!--R8_C449W_ATSF02-->
	<!--ATSF Dash 9 Faded-->
	<UnitNumberDatabaseEntry>
		<rvXMLfilename>R8_C449W_ATSF02</rvXMLfilename>
		<min>600</min>
		<max>699</max>
	</UnitNumberDatabaseEntry>
	
	
	<!--R8_C449W_BNSF01-->
	<!--BNSF H2 Scheme-->
	<UnitNumberDatabaseEntry>
		<rvXMLfilename>R8_C449W_BNSF01</rvXMLfilename>
		<min>4000</min>
		<max>4199</max>
	</UnitNumberDatabaseEntry>
	
	<UnitNumberDatabaseEntry>
		<rvXMLfilename>R8_C449W_BNSF01</rvXMLfilename>
		<min>4300</min>
		<max>4699</max>
	</UnitNumberDatabaseEntry>
	
	<UnitNumberDatabaseEntry>
		<rvXMLfilename>R8_C449W_BNSF01</rvXMLfilename>
		<min>4720</min>
		<max>5532</max>
	</UnitNumberDatabaseEntry>

	<!--R8_C449W_BNSF02-->
	<!--BNSF H1 Scheme-->
	<UnitNumberDatabaseEntry>
		<rvXMLfilename>R8_C449W_BNSF02</rvXMLfilename>
		<min>960</min>
		<max>1123</max>
	</UnitNumberDatabaseEntry>
	
	
	<!--R8_C449W_BNSF03-->
	<!--BNSF Fake Bonnet-->
	<UnitNumberDatabaseEntry>
		<rvXMLfilename>R8_C449W_BNSF03</rvXMLfilename>
		<min>700</min>
		<max>799</max>
	</UnitNumberDatabaseEntry>
	
	<UnitNumberDatabaseEntry>
		<rvXMLfilename>R8_C449W_BNSF03</rvXMLfilename>
		<min>4700</min>
		<max>4719</max>
	</UnitNumberDatabaseEntry>

	<!--R8_C449W_BNSF04-->
	<!--BNSF H3 Scheme-->
	<UnitNumberDatabaseEntry>
		<rvXMLfilename>R8_C449W_BNSF04</rvXMLfilename>
		<min>700</min>
		<max>700</max>
	</UnitNumberDatabaseEntry>

	<UnitNumberDatabaseEntry>
		<rvXMLfilename>R8_C449W_BNSF04</rvXMLfilename>
		<min>703</min>
		<max>703</max>
	</UnitNumberDatabaseEntry>

	<UnitNumberDatabaseEntry>
		<rvXMLfilename>R8_C449W_BNSF04</rvXMLfilename>
		<min>4000</min>
		<max>4199</max>
	</UnitNumberDatabaseEntry>

	<UnitNumberDatabaseEntry>
		<rvXMLfilename>R8_C449W_BNSF04</rvXMLfilename>
		<min>4300</min>
		<max>4699</max>
	</UnitNumberDatabaseEntry>

	<UnitNumberDatabaseEntry>
		<rvXMLfilename>R8_C449W_BNSF04</rvXMLfilename>
		<min>4720</min>
		<max>5532</max>
	</UnitNumberDatabaseEntry>

	<!--R8_C449W_CSX01-->
	<!--CSX YN2 - Added CSX Dash 8 numbers because there were only 51 of the orginal Dash 9's YN2-->
	<UnitNumberDatabaseEntry>
		<rvXMLfilename>R8_C449W_CSX01</rvXMLfilename>
		<min>7650</min>
		<max>7929</max>
	</UnitNumberDatabaseEntry>

	<UnitNumberDatabaseEntry>
		<rvXMLfilename>R8_C449W_CSX01</rvXMLfilename>
		<min>9000</min>
		<max>9051</max>
	</UnitNumberDatabaseEntry>

	<!--R8_C449W_CSX02-->
	<!--CSX YN3 - Added CSX Dash 8 numbers because there were only 51 of the orginal Dash 9's YN3-->
	<UnitNumberDatabaseEntry>
		<rvXMLfilename>R8_C449W_CSX02</rvXMLfilename>
		<min>7650</min>
		<max>7929</max>
	</UnitNumberDatabaseEntry>

	<UnitNumberDatabaseEntry>
		<rvXMLfilename>R8_C449W_CSX02</rvXMLfilename>
		<min>9000</min>
		<max>9051</max>
	</UnitNumberDatabaseEntry>


	<!--R8_C449W_Run801-->
	<UnitNumberDatabaseEntry>
		<rvXMLfilename>R8_C449W_Run801</rvXMLfilename>
		<min>9600</min>
		<max>9699</max>
	</UnitNumberDatabaseEntry>
	
	
	<!--R8_C449W_SP01-->
	<!--SP Dash-9 Clean-->
	<UnitNumberDatabaseEntry>
		<rvXMLfilename>R8_C449W_SP01</rvXMLfilename>
		<min>8100</min>
		<max>8200</max>
	</UnitNumberDatabaseEntry>

	
	<!--R8_C449W_SP02-->
	<!--SP Dash-9 Faded-->
	<UnitNumberDatabaseEntry>
		<rvXMLfilename>R8_C449W_SP02</rvXMLfilename>
		<min>8100</min>
		<max>8200</max>
	</UnitNumberDatabaseEntry>
	
	<!--R8_C449W_UP01-->
	<!--Former SP Engines-->
	<UnitNumberDatabaseEntry>
		<rvXMLfilename>R8_C449W_UP01</rvXMLfilename>
		<min>9564</min>
		<max>9664</max>
	</UnitNumberDatabaseEntry>
	
	
	<!--R8_C449W_UP02-->
	<!--Former SP Engines-->
	<UnitNumberDatabaseEntry>
		<rvXMLfilename>R8_C449W_UP02</rvXMLfilename>
		<min>9665</min>
		<max>9834</max>
	</UnitNumberDatabaseEntry>

	<!--R8_GP40-2_BNSF01-->
	<UnitNumberDatabaseEntry>
		<rvXMLfilename>R8_GP40-2_BNSF01</rvXMLfilename>
		<min>3000</min>
		<max>3099</max>
	</UnitNumberDatabaseEntry>


	<!--R8_GP40-2_CON01-->
	<UnitNumberDatabaseEntry>
		<rvXMLfilename>R8_GP40-2_CON01</rvXMLfilename>
		<min>3275</min>
		<max>3315</max>
	</UnitNumberDatabaseEntry>

	<UnitNumberDatabaseEntry>
		<rvXMLfilename>R8_GP40-2_CON01</rvXMLfilename>
		<min>3317</min>
		<max>3329</max>
	</UnitNumberDatabaseEntry>

	<UnitNumberDatabaseEntry>
		<rvXMLfilename>R8_GP40-2_CON01</rvXMLfilename>
		<min>3331</min>
		<max>3393</max>
	</UnitNumberDatabaseEntry>

	<UnitNumberDatabaseEntry>
		<rvXMLfilename>R8_GP40-2_CON01</rvXMLfilename>
		<min>3395</min>
		<max>3403</max>
	</UnitNumberDatabaseEntry>


	<!--R8_GP40-2_CSX01-->
	<UnitNumberDatabaseEntry>
		<rvXMLfilename>R8_GP40-2_CSX01</rvXMLfilename>
		<min>4400</min>
		<max>4445</max>
	</UnitNumberDatabaseEntry>

	<UnitNumberDatabaseEntry>
		<rvXMLfilename>R8_GP40-2_CSX01</rvXMLfilename>
		<min>6000</min>
		<max>6499</max>
	</UnitNumberDatabaseEntry>


	<!--R8_GP40-2_CSX02-->
	<UnitNumberDatabaseEntry>
		<rvXMLfilename>R8_GP40-2_CSX02</rvXMLfilename>
		<min>4400</min>
		<max>4445</max>
	</UnitNumberDatabaseEntry>

	<UnitNumberDatabaseEntry>
		<rvXMLfilename>R8_GP40-2_CSX02</rvXMLfilename>
		<min>6000</min>
		<max>6499</max>
	</UnitNumberDatabaseEntry>


	<!--R8_GP40-2_DRGW01-->
	<UnitNumberDatabaseEntry>
		<rvXMLfilename>R8_GP40-2_DRGW01</rvXMLfilename>
		<min>3050</min>
		<max>3150</max>
	</UnitNumberDatabaseEntry>


	<!--R8_GP40-2_RUN802-->
	<UnitNumberDatabaseEntry>
		<rvXMLfilename>R8_GP40-2_RUN802</rvXMLfilename>
		<min>4200</min>
		<max>4299</max>
	</UnitNumberDatabaseEntry>


	<!--R8_GP40-2_SJVR01-->
	<UnitNumberDatabaseEntry>
		<rvXMLfilename>R8_GP40-2_SJVR01</rvXMLfilename>
		<min>440</min>
		<max>499</max>
	</UnitNumberDatabaseEntry>
	
	<!--Used to stand in for KGTR D-28-->
	<UnitNumberDatabaseEntry>
		<rvXMLfilename>R8_GP40-2_SJVR01</rvXMLfilename>
		<min>28</min>
		<max>28</max>
	</UnitNumberDatabaseEntry>
	



	<!--R8_GP40-2_SP01-->
	<UnitNumberDatabaseEntry>
		<rvXMLfilename>R8_GP40-2_SP01</rvXMLfilename>
		<min>7675</min>
		<max>7942</max>
	</UnitNumberDatabaseEntry>


	<!--R8_GP40-2_UP01-->
	<UnitNumberDatabaseEntry>
		<rvXMLfilename>R8_GP40-2_UP01</rvXMLfilename>
		<min>1338</min>
		<max>1540</max>
	</UnitNumberDatabaseEntry>


	<!--R8_GP40-2_WP01-->
	<UnitNumberDatabaseEntry>
		<rvXMLfilename>R8_GP40-2_WP01</rvXMLfilename>
		<min>3500</min>
		<max>3557</max>
	</UnitNumberDatabaseEntry>


	<!--R8_MP15_AMTK01-->
	<UnitNumberDatabaseEntry>
		<rvXMLfilename>R8_MP15_AMTK01</rvXMLfilename>
		<min>530</min>
		<max>539</max>
	</UnitNumberDatabaseEntry>

	<!--R8_MP15_BNSF01-->
	<UnitNumberDatabaseEntry>
		<rvXMLfilename>R8_MP15_BNSF01</rvXMLfilename>
		<min>3400</min>
		<max>3464</max>
	</UnitNumberDatabaseEntry>

	<UnitNumberDatabaseEntry>
		<rvXMLfilename>R8_MP15_BNSF01</rvXMLfilename>
		<min>3700</min>
		<max>3704</max>
	</UnitNumberDatabaseEntry>

	<!--R8_MP15_CSX01-->
	<UnitNumberDatabaseEntry>
		<rvXMLfilename>R8_MP15_CSX01</rvXMLfilename>
		<min>1130</min>
		<max>1199</max>
	</UnitNumberDatabaseEntry>

	<!--R8_MP15_RUN801-->
	<!-- 50-149 used for industry switching jobs and shortlines. 2348-2435 are simulated NS MP15's (since we don't have NS scheme)-->
	<UnitNumberDatabaseEntry>
		<rvXMLfilename>R8_MP15_RUN801</rvXMLfilename>
		<min>50</min>
		<max>149</max>
	</UnitNumberDatabaseEntry>

	<UnitNumberDatabaseEntry>
		<rvXMLfilename>R8_MP15_RUN801</rvXMLfilename>
		<min>2348</min>
		<max>2435</max>
	</UnitNumberDatabaseEntry>

	<!--R8_MP15_UP01-->
	<UnitNumberDatabaseEntry>
		<rvXMLfilename>R8_MP15_UP01</rvXMLfilename>
		<min>1289</min>
		<max>1289</max>
	</UnitNumberDatabaseEntry>

	<UnitNumberDatabaseEntry>
		<rvXMLfilename>R8_MP15_UP01</rvXMLfilename>
		<min>1291</min>
		<max>1392</max>
	</UnitNumberDatabaseEntry>
	
	<!--Used for KGTR MP-15 #1541 -->
	<UnitNumberDatabaseEntry>
		<rvXMLfilename>R8_MP15_UP01</rvXMLfilename>
		<min>1541</min>
		<max>1541</max>
	</UnitNumberDatabaseEntry>
	
	
	<!--R8_SD40-2_ATSF01-->
	<UnitNumberDatabaseEntry>
		<rvXMLfilename>R8_SD40-2_ATSF01</rvXMLfilename>
		<min>5020</min>
		<max>5213</max>
	</UnitNumberDatabaseEntry>


	<!--R8_SD40-2_ATSF02-->
	<UnitNumberDatabaseEntry>
		<rvXMLfilename>R8_SD40-2_ATSF02</rvXMLfilename>
		<min>5020</min>
		<max>5213</max>
	</UnitNumberDatabaseEntry>


	<!--R8_SD40-2_BN01-->
	<UnitNumberDatabaseEntry>
		<rvXMLfilename>R8_SD40-2_BN01</rvXMLfilename>
		<min>6700</min>
		<max>7291</max>
	</UnitNumberDatabaseEntry>


	<!--R8_SD40-2_BNSF01-->
	<UnitNumberDatabaseEntry>
		<rvXMLfilename>R8_SD40-2_BNSF01</rvXMLfilename>
		<min>1565</min>
		<max>1800</max>
	</UnitNumberDatabaseEntry>


	<!--R8_SD40-2_BNSF02-->
	<UnitNumberDatabaseEntry>
		<rvXMLfilename>R8_SD40-2_BNSF02</rvXMLfilename>
		<min>1801</min>
		<max>1999</max>
	</UnitNumberDatabaseEntry>


	<!--R8_SD40-2_BNSF03-->
	<UnitNumberDatabaseEntry>
		<rvXMLfilename>R8_SD40-2_BNSF03</rvXMLfilename>
		<min>7029</min>
		<max>7062</max>
	</UnitNumberDatabaseEntry>

	<UnitNumberDatabaseEntry>
		<rvXMLfilename>R8_SD40-2_BNSF03</rvXMLfilename>
		<min>8010</min>
		<max>8029</max>
	</UnitNumberDatabaseEntry>

	<UnitNumberDatabaseEntry>
		<rvXMLfilename>R8_SD40-2_BNSF03</rvXMLfilename>
		<min>6807</min>
		<max>6836</max>
	</UnitNumberDatabaseEntry>

	<UnitNumberDatabaseEntry>
		<rvXMLfilename>R8_SD40-2_BNSF03</rvXMLfilename>
		<min>7131</min>
		<max>7160</max>
	</UnitNumberDatabaseEntry>


	<!--R8_SD40-2_BNSF04-->
	<UnitNumberDatabaseEntry>
		<rvXMLfilename>R8_SD40-2_BNSF04</rvXMLfilename>
		<min>6700</min>
		<max>6767</max>
	</UnitNumberDatabaseEntry>

	<UnitNumberDatabaseEntry>
		<rvXMLfilename>R8_SD40-2_BNSF04</rvXMLfilename>
		<min>6869</min>
		<max>6958</max>
	</UnitNumberDatabaseEntry>

	<UnitNumberDatabaseEntry>
		<rvXMLfilename>R8_SD40-2_BNSF04</rvXMLfilename>
		<min>6344</min>
		<max>6361</max>
	</UnitNumberDatabaseEntry>


	<!--R8_SD40-2_CARG01-->
	<UnitNumberDatabaseEntry>
		<rvXMLfilename>R8_SD40-2_CARG01</rvXMLfilename>
		<min>2002</min>
		<max>2002</max>
	</UnitNumberDatabaseEntry>

	<UnitNumberDatabaseEntry>
		<rvXMLfilename>R8_SD40-2_CARG01</rvXMLfilename>
		<min>6990</min>
		<max>6990</max>
	</UnitNumberDatabaseEntry>


	<!--R8_SD40-2_Chess-->
	<UnitNumberDatabaseEntry>
		<rvXMLfilename>R8_SD40-2_Chess</rvXMLfilename>
		<min>7600</min>
		<max>7619</max>
	</UnitNumberDatabaseEntry>


	<!--R8_SD40-2_CN01-->
	<UnitNumberDatabaseEntry>
		<rvXMLfilename>R8_SD40-2_CN01</rvXMLfilename>
		<min>5366</min>
		<max>5386</max>
	</UnitNumberDatabaseEntry>


	<!--R8_SD40-2_CON01-->
	<UnitNumberDatabaseEntry>
		<rvXMLfilename>R8_SD40-2_CON01</rvXMLfilename>
		<min>6358</min>
		<max>6370</max>
	</UnitNumberDatabaseEntry>

	<UnitNumberDatabaseEntry>
		<rvXMLfilename>R8_SD40-2_CON01</rvXMLfilename>
		<min>6372</min>
		<max>6406</max>
	</UnitNumberDatabaseEntry>

	<UnitNumberDatabaseEntry>
		<rvXMLfilename>R8_SD40-2_CON01</rvXMLfilename>
		<min>6408</min>
		<max>6524</max>
	</UnitNumberDatabaseEntry>


	<!--R8_SD40-2_CSX01-->
	<UnitNumberDatabaseEntry>
		<rvXMLfilename>R8_SD40-2_CSX01</rvXMLfilename>
		<min>8000</min>
		<max>8488</max>
	</UnitNumberDatabaseEntry>

	<UnitNumberDatabaseEntry>
		<rvXMLfilename>R8_SD40-2_CSX01</rvXMLfilename>
		<min>8800</min>
		<max>8887</max>
	</UnitNumberDatabaseEntry>

	<!--Above scheme does not include 8888, since 8888 was made famous in scheme below-->

	<!--R8_SD40-2_CSX02-->
	<UnitNumberDatabaseEntry>
		<rvXMLfilename>R8_SD40-2_CSX02</rvXMLfilename>
		<min>8000</min>
		<max>8488</max>
	</UnitNumberDatabaseEntry>

	<UnitNumberDatabaseEntry>
		<rvXMLfilename>R8_SD40-2_CSX02</rvXMLfilename>
		<min>8800</min>
		<max>8888</max>
	</UnitNumberDatabaseEntry>


	<!--R8_SD40-2_FEC01-->
	<UnitNumberDatabaseEntry>
		<rvXMLfilename>R8_SD40-2_FEC01</rvXMLfilename>
		<min>701</min>
		<max>722</max>
	</UnitNumberDatabaseEntry>


	<!--R8_SD40-2_GCFX01-->
	<UnitNumberDatabaseEntry>
		<rvXMLfilename>R8_SD40-2_GCFX01</rvXMLfilename>
		<min>3000</min>
		<max>3080</max>
	</UnitNumberDatabaseEntry>


	<!--R8_SD40-2_NS01-->
	<UnitNumberDatabaseEntry>
		<rvXMLfilename>R8_SD40-2_NS01</rvXMLfilename>
		<min>1636</min>
		<max>1652</max>
	</UnitNumberDatabaseEntry>
	
	<UnitNumberDatabaseEntry>
		<rvXMLfilename>R8_SD40-2_NS01</rvXMLfilename>
		<min>3329</min>
		<max>3491</max>
	</UnitNumberDatabaseEntry>

	<UnitNumberDatabaseEntry>
		<rvXMLfilename>R8_SD40-2_NS01</rvXMLfilename>
		<min>3505</min>
		<max>3584</max>
	</UnitNumberDatabaseEntry>

	<UnitNumberDatabaseEntry>
		<rvXMLfilename>R8_SD40-2_NS01</rvXMLfilename>
		<min>6073</min>
		<max>6207</max>
	</UnitNumberDatabaseEntry>

	<UnitNumberDatabaseEntry>
		<rvXMLfilename>R8_SD40-2_NS01</rvXMLfilename>
		<min>6400</min>
		<max>6428</max>
	</UnitNumberDatabaseEntry>



	<!--R8_SD40-2_RUNW01-->
	<UnitNumberDatabaseEntry>
		<rvXMLfilename>R8_SD40-2_RUNW01</rvXMLfilename>
		<min>4000</min>
		<max>4099</max>
	</UnitNumberDatabaseEntry>


	<!--R8_SD40-2_SBS01-->
	<UnitNumberDatabaseEntry>
		<rvXMLfilename>R8_SD40-2_SBS01</rvXMLfilename>
		<min>8000</min>
		<max>8241</max>
	</UnitNumberDatabaseEntry>


	<!--R8_SD40-2_SOO02-->
	<UnitNumberDatabaseEntry>
		<rvXMLfilename>R8_SD40-2_SOO02</rvXMLfilename>
		<min>757</min>
		<max>789</max>
	</UnitNumberDatabaseEntry>

	<UnitNumberDatabaseEntry>
		<rvXMLfilename>R8_SD40-2_SOO02</rvXMLfilename>
		<min>6600</min>
		<max>6623</max>
	</UnitNumberDatabaseEntry>


	<!--R8_SD40-2_SP01-->
	<UnitNumberDatabaseEntry>
		<rvXMLfilename>R8_SD40-2_SP01</rvXMLfilename>
		<min>8400</min>
		<max>8488</max>
	</UnitNumberDatabaseEntry>

	<UnitNumberDatabaseEntry>
		<rvXMLfilename>R8_SD40-2_SP01</rvXMLfilename>
		<min>7300</min>
		<max>7385</max>
	</UnitNumberDatabaseEntry>
	
		<UnitNumberDatabaseEntry>
		<rvXMLfilename>R8_SD40-2_SP01</rvXMLfilename>
		<min>2002</min>
		<max>2002</max>
	</UnitNumberDatabaseEntry>
	
	<!--R8_SD40-2_UP01-->
	<UnitNumberDatabaseEntry>
		<rvXMLfilename>R8_SD40-2_UP01</rvXMLfilename>
		<min>2007</min>
		<max>2009</max>
	</UnitNumberDatabaseEntry>

	<UnitNumberDatabaseEntry>
		<rvXMLfilename>R8_SD40-2_UP01</rvXMLfilename>
		<min>3123</min>
		<max>3399</max>
	</UnitNumberDatabaseEntry>


	<UnitNumberDatabaseEntry>
		<rvXMLfilename>R8_SD40-2_UP01</rvXMLfilename>
		<min>3400</min>
		<max>3804</max>
	</UnitNumberDatabaseEntry>


	<!--R8_SD40T-2_DRGW01-->
	<UnitNumberDatabaseEntry>
		<rvXMLfilename>R8_SD40T-2_DRGW01</rvXMLfilename>
		<min>5341</min>
		<max>5413</max>
	</UnitNumberDatabaseEntry>


	<!--R8_SD40T-2_R801-->
	<UnitNumberDatabaseEntry>
		<rvXMLfilename>R8_SD40T-2_R801</rvXMLfilename>
		<min>4100</min>
		<max>4199</max>
	</UnitNumberDatabaseEntry>


	<!--R8_SD40T-2_SP01-->
	<UnitNumberDatabaseEntry>
		<rvXMLfilename>R8_SD40T-2_SP01</rvXMLfilename>
		<min>2003</min>
		<max>2005</max>
	</UnitNumberDatabaseEntry>

	<UnitNumberDatabaseEntry>
		<rvXMLfilename>R8_SD40T-2_SP01</rvXMLfilename>
		<min>8230</min>
		<max>8321</max>
	</UnitNumberDatabaseEntry>

	<UnitNumberDatabaseEntry>
		<rvXMLfilename>R8_SD40T-2_SP01</rvXMLfilename>
		<min>8327</min>
		<max>8341</max>
	</UnitNumberDatabaseEntry>

	<UnitNumberDatabaseEntry>
		<rvXMLfilename>R8_SD40T-2_SP01</rvXMLfilename>
		<min>8350</min>
		<max>8371</max>
	</UnitNumberDatabaseEntry>

	<UnitNumberDatabaseEntry>
		<rvXMLfilename>R8_SD40T-2_SP01</rvXMLfilename>
		<min>8377</min>
		<max>8391</max>
	</UnitNumberDatabaseEntry>

	<UnitNumberDatabaseEntry>
		<rvXMLfilename>R8_SD40T-2_SP01</rvXMLfilename>
		<min>8489</min>
		<max>8573</max>
	</UnitNumberDatabaseEntry>


	<!--R8_SD40T-2_UP01-->
	<UnitNumberDatabaseEntry>
		<rvXMLfilename>R8_SD40T-2_UP01</rvXMLfilename>
		<min>4369</min>
		<max>4599</max>
	</UnitNumberDatabaseEntry>
	
	<!--R8_SD40T-2_UP02-->
	<UnitNumberDatabaseEntry>
		<rvXMLfilename>R8_SD40T-2_UP02</rvXMLfilename>
		<min>8639</min>
		<max>8869</max>
	</UnitNumberDatabaseEntry>
		
	<UnitNumberDatabaseEntry>
		<rvXMLfilename>R8_SD40T-2_UP02</rvXMLfilename>
		<min>2004</min>
		<max>2006</max>
	</UnitNumberDatabaseEntry>

	<!--R8_SD40T-2_UP03-->
	<UnitNumberDatabaseEntry>
		<rvXMLfilename>R8_SD40T-2_UP03</rvXMLfilename>
		<min>9863</min>
		<max>9875</max>
	</UnitNumberDatabaseEntry>

	<UnitNumberDatabaseEntry>
		<rvXMLfilename>R8_SD40T-2_UP03</rvXMLfilename>
		<min>8570</min>
		<max>8638</max>
	</UnitNumberDatabaseEntry>

	<UnitNumberDatabaseEntry>
		<rvXMLfilename>R8_SD40T-2_UP03</rvXMLfilename>
		<min>4000</min>
		<max>4068</max>
	</UnitNumberDatabaseEntry>


	<!--R8_SD45-2_ACR01-->
	<UnitNumberDatabaseEntry>
		<rvXMLfilename>R8_SD45-2_ACR01</rvXMLfilename>
		<min>3990</min>
		<max>4004</max>
	</UnitNumberDatabaseEntry>


	<!--R8_SD45-2_ATSF01-->
	<UnitNumberDatabaseEntry>
		<rvXMLfilename>R8_SD45-2_ATSF01</rvXMLfilename>
		<min>5625</min>
		<max>5714</max>
	</UnitNumberDatabaseEntry>


	<!--R8_SD45-2_ATSF02-->
	<UnitNumberDatabaseEntry>
		<rvXMLfilename>R8_SD45-2_ATSF02</rvXMLfilename>
		<min>7200</min>
		<max>7229</max>
	</UnitNumberDatabaseEntry>

	<UnitNumberDatabaseEntry>
		<rvXMLfilename>R8_SD45-2_ATSF02</rvXMLfilename>
		<min>5300</min>
		<max>5402</max>
	</UnitNumberDatabaseEntry>


	<!--R8_SD45-2_ATSF03-->
	<UnitNumberDatabaseEntry>
		<rvXMLfilename>R8_SD45-2_ATSF03</rvXMLfilename>
		<min>5625</min>
		<max>5699</max>
	</UnitNumberDatabaseEntry>

	<UnitNumberDatabaseEntry>
		<rvXMLfilename>R8_SD45-2_ATSF03</rvXMLfilename>
		<min>5705</min>
		<max>5714</max>
	</UnitNumberDatabaseEntry>


	<!--R8_SD45-2_ATSF04-->
	<!--Bicentenial Paint Scheme-->
	<UnitNumberDatabaseEntry>
		<rvXMLfilename>R8_SD45-2_ATSF04</rvXMLfilename>
		<min>5700</min>
		<max>5704</max>
	</UnitNumberDatabaseEntry>


	<!--R8_SD45-2_BNSF01-->
	<UnitNumberDatabaseEntry>
		<rvXMLfilename>R8_SD45-2_BNSF01</rvXMLfilename>
		<min>1565</min>
		<max>1585</max>
	</UnitNumberDatabaseEntry>

	<UnitNumberDatabaseEntry>
		<rvXMLfilename>R8_SD45-2_BNSF01</rvXMLfilename>
		<min>6400</min>
		<max>6599</max>
	</UnitNumberDatabaseEntry>


	<!--R8_SD45-2_BNSF02-->
	<UnitNumberDatabaseEntry>
		<rvXMLfilename>R8_SD45-2_BNSF02</rvXMLfilename>
		<min>6400</min>
		<max>6599</max>
	</UnitNumberDatabaseEntry>


	<!--R8_SD45-2_CON01-->
	<UnitNumberDatabaseEntry>
		<rvXMLfilename>R8_SD45-2_CON01</rvXMLfilename>
		<min>6755</min>
		<max>6867</max>
	</UnitNumberDatabaseEntry>


	<!--R8_SD45-2_CON02-->
	<UnitNumberDatabaseEntry>
		<rvXMLfilename>R8_SD45-2_CON02</rvXMLfilename>
		<min>6654</min>
		<max>6754</max>
	</UnitNumberDatabaseEntry>


	<!--R8_SD45-2_CSX01-->
	<UnitNumberDatabaseEntry>
		<rvXMLfilename>R8_SD45-2_CSX01</rvXMLfilename>
		<min>8500</min>
		<max>8549</max>
	</UnitNumberDatabaseEntry>


	<!--R8_SD45-2_CSX02-->
	<!--Realistically, these were SD50-2 numbers, but shared the this scheme-->
	<UnitNumberDatabaseEntry>
		<rvXMLfilename>R8_SD45-2_CSX02</rvXMLfilename>
		<min>8600</min>
		<max>8649</max>
	</UnitNumberDatabaseEntry>


	<!--R8_SD45-2_CSX03-->
	<UnitNumberDatabaseEntry>
		<rvXMLfilename>R8_SD45-2_CSX03</rvXMLfilename>
		<min>8950</min>
		<max>8999</max>
	</UnitNumberDatabaseEntry>


	<!--R8_SD45-2_NS01-->
	<UnitNumberDatabaseEntry>
		<rvXMLfilename>R8_SD45-2_NS01</rvXMLfilename>
		<min>1700</min>
		<max>1814</max>
	</UnitNumberDatabaseEntry>

	<UnitNumberDatabaseEntry>
		<rvXMLfilename>R8_SD45-2_NS01</rvXMLfilename>
		<min>6300</min>
		<max>6357</max>
	</UnitNumberDatabaseEntry>
	
	
	<!-- TurboBill Memorial Engines -->
	<UnitNumberDatabaseEntry>
		<rvXMLfilename>R8_SD45-2_NS01</rvXMLfilename>
		<min>1959</min>
		<max>1959</max>
	</UnitNumberDatabaseEntry>

	<UnitNumberDatabaseEntry>
		<rvXMLfilename>R8_SD45-2_NS01</rvXMLfilename>
		<min>2024</min>
		<max>2024</max>
	</UnitNumberDatabaseEntry>


	<!--R8_SD45-2_Run801-->
	<UnitNumberDatabaseEntry>
		<rvXMLfilename>R8_SD45-2_Run801</rvXMLfilename>
		<min>4500</min>
		<max>4599</max>
	</UnitNumberDatabaseEntry>


	<!--R8_SD45-2_SBS01-->
	<UnitNumberDatabaseEntry>
		<rvXMLfilename>R8_SD45-2_SBS01</rvXMLfilename>
		<min>8950</min>
		<max>8982</max>
	</UnitNumberDatabaseEntry>


	<!--R8_SD45-2_SCL01-->
	<UnitNumberDatabaseEntry>
		<rvXMLfilename>R8_SD45-2_SCL01</rvXMLfilename>
		<min>2045</min>
		<max>2059</max>
	</UnitNumberDatabaseEntry>


	<!--R8_SD45-2_TRON01-->
	<UnitNumberDatabaseEntry>
		<rvXMLfilename>R8_SD45-2_TRON01</rvXMLfilename>
		<min>3001</min>
		<max>3006</max>
	</UnitNumberDatabaseEntry>


	<!--Run8_ES44DC-->
	<!--BNSF ES44 clean H2-->
	<UnitNumberDatabaseEntry>
		<rvXMLfilename>Run8_ES44DC</rvXMLfilename>
		<min>5600</min>
		<max>5717</max>
	</UnitNumberDatabaseEntry>
	<UnitNumberDatabaseEntry>
		<rvXMLfilename>Run8_ES44DC</rvXMLfilename>
		<min>5718</min>
		<max>5747</max>
	</UnitNumberDatabaseEntry>
	<UnitNumberDatabaseEntry>
		<rvXMLfilename>Run8_ES44DC</rvXMLfilename>
		<min>7650</min>
		<max>7743</max>
	</UnitNumberDatabaseEntry>


	<!--Run8_ES44DC_BNSF-->
	<!--BNSF ES44 clean H3-->
	<UnitNumberDatabaseEntry>
		<rvXMLfilename>Run8_ES44DC_BNSF</rvXMLfilename>
		<min>5844</min>
		<max>6438</max>
	</UnitNumberDatabaseEntry>

	<UnitNumberDatabaseEntry>
		<rvXMLfilename>Run8_ES44DC_BNSF</rvXMLfilename>
		<min>3250</min>
		<max>3299</max>
	</UnitNumberDatabaseEntry>

	<UnitNumberDatabaseEntry>
		<rvXMLfilename>Run8_ES44DC_BNSF</rvXMLfilename>
		<min>4200</min>
		<max>4299</max>
	</UnitNumberDatabaseEntry>

	<UnitNumberDatabaseEntry>
		<rvXMLfilename>Run8_ES44DC_BNSF</rvXMLfilename>
		<min>5533</min>
		<max>5546</max>
	</UnitNumberDatabaseEntry>

	<UnitNumberDatabaseEntry>
		<rvXMLfilename>Run8_ES44DC_BNSF</rvXMLfilename>
		<min>6500</min>
		<max>8399</max>
	</UnitNumberDatabaseEntry>


	<!--Run8_ES44DC_BNSF02-->
	<!--BNSF ES44 dirty H3-->
	<UnitNumberDatabaseEntry>
		<rvXMLfilename>Run8_ES44DC_BNSF02</rvXMLfilename>
		<min>5748</min>
		<max>5837</max>
	</UnitNumberDatabaseEntry>

	<UnitNumberDatabaseEntry>
		<rvXMLfilename>Run8_ES44DC_BNSF02</rvXMLfilename>
		<min>5844</min>
		<max>6438</max>
	</UnitNumberDatabaseEntry>

	<UnitNumberDatabaseEntry>
		<rvXMLfilename>Run8_ES44DC_BNSF02</rvXMLfilename>
		<min>5533</min>
		<max>5546</max>
	</UnitNumberDatabaseEntry>

	<UnitNumberDatabaseEntry>
		<rvXMLfilename>Run8_ES44DC_BNSF02</rvXMLfilename>
		<min>6500</min>
		<max>8399</max>
	</UnitNumberDatabaseEntry>


	<!--Run8_ES44DC_CSX-->
	<!--CSX does not have any ES44DC's. These are ES40DC numbers instead, which are very close to the same thing-->
	<UnitNumberDatabaseEntry>
		<rvXMLfilename>Run8_ES44DC_CSX</rvXMLfilename>
		<min>5200</min>
		<max>5501</max>
	</UnitNumberDatabaseEntry>


	<!--Run8_ES44DC_NS-->
	<UnitNumberDatabaseEntry>
		<rvXMLfilename>Run8_ES44DC_NS</rvXMLfilename>
		<min>7500</min>
		<max>7719</max>
	</UnitNumberDatabaseEntry>

	<UnitNumberDatabaseEntry>
		<rvXMLfilename>Run8_ES44DC_NS</rvXMLfilename>
		<min>8000</min>
		<max>8184</max>
	</UnitNumberDatabaseEntry>

	<!--Run8_ES44DC_SP-->
	<!--No ES44DC SP Schemes existed. AC4400 numbers instead-->
	<UnitNumberDatabaseEntry>
		<rvXMLfilename>Run8_ES44DC_SP</rvXMLfilename>
		<min>100</min>
		<max>378</max>
	</UnitNumberDatabaseEntry>


	<!--Run8_ES44DC_UP-->
	<UnitNumberDatabaseEntry>
		<rvXMLfilename>Run8_ES44DC_UP</rvXMLfilename>
		<min>2520</min>
		<max>2569</max>
	</UnitNumberDatabaseEntry>

	<UnitNumberDatabaseEntry>
		<rvXMLfilename>Run8_ES44DC_UP</rvXMLfilename>
		<min>2741</min>
		<max>2769</max>
	</UnitNumberDatabaseEntry>

	<UnitNumberDatabaseEntry>
		<rvXMLfilename>Run8_ES44DC_UP</rvXMLfilename>
		<min>7345</min>
		<max>8267</max>
	</UnitNumberDatabaseEntry>

	<!--Run8_ES44DC_UP01-->
	<UnitNumberDatabaseEntry>
		<rvXMLfilename>Run8_ES44DC_UP01</rvXMLfilename>
		<min>5248</min>
		<max>5699</max>
	</UnitNumberDatabaseEntry>

	<UnitNumberDatabaseEntry>
		<rvXMLfilename>Run8_ES44DC_UP01</rvXMLfilename>
		<min>7345</min>
		<max>8051</max>
	</UnitNumberDatabaseEntry>

	
	<!--AMTK03 P42-->
	<!--P32AC-DM used same scheme, so we'll use P32AC-DM numbers-->
	<UnitNumberDatabaseEntry>
		<rvXMLfilename>Run8_P42_Amtrak03</rvXMLfilename>
		<min>700</min>
		<max>717</max>
	</UnitNumberDatabaseEntry>

	<!--AMTK04 P42-->
	<!--Current Amtrak Heritage Unit-->
	<!--AMTK 184 is only locomotive that currently uses this scheme. If no other Phase 4 loco exists, this will spawn. If another AMTK 184 exists, 100-207 will spawn-->
	<UnitNumberDatabaseEntry>
		<rvXMLfilename>Run8_P42_Amtrak04</rvXMLfilename>
		<min>184</min>
		<max>184</max>
	</UnitNumberDatabaseEntry>

	<!--AMTK05 P42-->
	<!--1-208 but skips 184-->
	<UnitNumberDatabaseEntry>
		<rvXMLfilename>Run8_P42_Amtrak05</rvXMLfilename>
		<min>1</min>
		<max>183</max>
	</UnitNumberDatabaseEntry>
	
	<UnitNumberDatabaseEntry>
		<rvXMLfilename>Run8_P42_Amtrak05</rvXMLfilename>
		<min>185</min>
		<max>207</max>
	</UnitNumberDatabaseEntry>
	

	<!--Run8_SD70ACE_BNSF01-->
	<UnitNumberDatabaseEntry>
		<rvXMLfilename>Run8_SD70ACE_BNSF01</rvXMLfilename>
		<min>8400</min>
		<max>8599</max>
	</UnitNumberDatabaseEntry>

	<UnitNumberDatabaseEntry>
		<rvXMLfilename>Run8_SD70ACE_BNSF01</rvXMLfilename>
		<min>8749</min>
		<max>8799</max>
	</UnitNumberDatabaseEntry>

	<UnitNumberDatabaseEntry>
		<rvXMLfilename>Run8_SD70ACE_BNSF01</rvXMLfilename>
		<min>8990</min>
		<max>9399</max>
	</UnitNumberDatabaseEntry>


	<!--Run8_SD70ACE_CSX01-->
	<!--Only 20 CSX SD70ACE locos exisited. We used 4800 series so weird numbers didn't start popping up and there could be more than 20-->
	<UnitNumberDatabaseEntry>
		<rvXMLfilename>Run8_SD70ACE_CSX01</rvXMLfilename>
		<min>4800</min>
		<max>4899</max>
	</UnitNumberDatabaseEntry>


	<!--Run8_SD70ACE_KCS01-->
	<UnitNumberDatabaseEntry>
		<rvXMLfilename>Run8_SD70ACE_KCS01</rvXMLfilename>
		<min>4015</min>
		<max>4058</max>
	</UnitNumberDatabaseEntry>

	<UnitNumberDatabaseEntry>
		<rvXMLfilename>Run8_SD70ACE_KCS01</rvXMLfilename>
		<min>4100</min>
		<max>4116</max>
	</UnitNumberDatabaseEntry>

	<UnitNumberDatabaseEntry>
		<rvXMLfilename>Run8_SD70ACE_KCS01</rvXMLfilename>
		<min>4130</min>
		<max>4199</max>
	</UnitNumberDatabaseEntry>


	<!--Run8_SD70ACE_NS_JC01-->
	<!--NS Jersey Central Heritage Unit-->
	<UnitNumberDatabaseEntry>
		<rvXMLfilename>Run8_SD70ACE_NS_JC01</rvXMLfilename>
		<min>1071</min>
		<max>1071</max>
	</UnitNumberDatabaseEntry>


	<!--Run8_SD70ACE_NS01-->
	<UnitNumberDatabaseEntry>
		<rvXMLfilename>Run8_SD70ACE_NS01</rvXMLfilename>
		<min>1000</min>
		<max>1070</max>
	</UnitNumberDatabaseEntry>

	<UnitNumberDatabaseEntry>
		<rvXMLfilename>Run8_SD70ACE_NS01</rvXMLfilename>
		<min>1072</min>
		<max>1234</max>
	</UnitNumberDatabaseEntry>

	<UnitNumberDatabaseEntry>
		<rvXMLfilename>Run8_SD70ACE_NS01</rvXMLfilename>
		<min>2649</min>
		<max>2778</max>
	</UnitNumberDatabaseEntry>

	<UnitNumberDatabaseEntry>
		<rvXMLfilename>Run8_SD70ACE_NS01</rvXMLfilename>
		<min>7229</min>
		<max>7338</max>
	</UnitNumberDatabaseEntry>


	<!--Run8_SD70ACE_RUNW01-->
	<UnitNumberDatabaseEntry>
		<rvXMLfilename>Run8_SD70ACE_RUNW01</rvXMLfilename>
		<min>4130</min>
		<max>4229</max>
	</UnitNumberDatabaseEntry>


	<!--Run8_SD70ACE_RUNW02-->
	<UnitNumberDatabaseEntry>
		<rvXMLfilename>Run8_SD70ACE_RUNW02</rvXMLfilename>
		<min>4230</min>
		<max>4329</max>
	</UnitNumberDatabaseEntry>


	<!--Run8_SD70ACE_UP_DRGW01-->
	<!--DRGW Heritage Unit-->
	<UnitNumberDatabaseEntry>
		<rvXMLfilename>Run8_SD70ACE_UP_DRGW01</rvXMLfilename>
		<min>1989</min>
		<max>1989</max>
	</UnitNumberDatabaseEntry>


	<!--Run8_SD70ACE_UP_Katy01-->
	<!--Katy Heritage Unit-->
	<UnitNumberDatabaseEntry>
		<rvXMLfilename>Run8_SD70ACE_UP_Katy01</rvXMLfilename>
		<min>1988</min>
		<max>1988</max>
	</UnitNumberDatabaseEntry>


	<!--Run8_SD70ACE_UP_SP-->
	<!--Southern Pacific Heritage Unit-->
	<UnitNumberDatabaseEntry>
		<rvXMLfilename>Run8_SD70ACE_UP_SP</rvXMLfilename>
		<min>1996</min>
		<max>1996</max>
	</UnitNumberDatabaseEntry>


	<!--Run8_SD70ACE_UP_WP01-->
	<!--Western Pacific Heritage Unit-->
	<UnitNumberDatabaseEntry>
		<rvXMLfilename>Run8_SD70ACE_UP_WP01</rvXMLfilename>
		<min>1983</min>
		<max>1983</max>
	</UnitNumberDatabaseEntry>


	<!--Run8_SD70ACE_UP01-->
	<UnitNumberDatabaseEntry>
		<rvXMLfilename>Run8_SD70ACE_UP01</rvXMLfilename>
		<min>8621</min>
		<max>9104</max>
	</UnitNumberDatabaseEntry>


	<!--Run8_SD70ACE_UP02-->
	<UnitNumberDatabaseEntry>
		<rvXMLfilename>Run8_SD70ACE_UP02</rvXMLfilename>
		<min>8309</min>
		<max>8620</max>
	</UnitNumberDatabaseEntry>


</ArrayOfUnitNumberDatabaseEntry>