<?xml version="1.0"?>
<ScnLoader xmlns:xsd="http://www.w3.org/2001/XMLSchema" xmlns:xsi="http://www.w3.org/2001/XMLSchema-instance">
  <trainList />
  <flagList />
  <cameraXYZ>
    <X>270.991852</X>
    <Y>307.393677</Y>
    <Z>-341.3379</Z>
  </cameraXYZ>
  <camRotationXYZ>
    <X>-0.0932414457</X>
    <Y>13.9547062</Y>
    <Z>0</Z>
  </camRotationXYZ>
  <camTileXZ>
    <x>185</x>
    <z>-102</z>
  </camTileXZ>
  <date>2016-12-03T14:31:03.908894Z</date>
  <saveGameType>ExtraBoard</saveGameType>
  <signals />
  <switches />
  <description />
  <trackBulletins />
</ScnLoader>