<?xml version="1.0"?>
<ScnLoader xmlns:xsd="http://www.w3.org/2001/XMLSchema" xmlns:xsi="http://www.w3.org/2001/XMLSchema-instance">
  <trainList />
  <flagList />
  <cameraXYZ>
    <X>162.699554</X>
    <Y>109.554474</Y>
    <Z>-317.648376</Z>
  </cameraXYZ>
  <camRotationXYZ>
    <X>-0.119550891</X>
    <Y>10.5755444</Y>
    <Z>0</Z>
  </camRotationXYZ>
  <camTileXZ>
    <x>113</x>
    <z>-107</z>
  </camTileXZ>
  <date>2016-12-03T13:14:16.4721095Z</date>
  <saveGameType>ExtraBoard</saveGameType>
  <signals />
  <switches />
  <description />
  <trackBulletins />
</ScnLoader>