<?xml version="1.0"?>
<ScnLoader xmlns:xsd="http://www.w3.org/2001/XMLSchema" xmlns:xsi="http://www.w3.org/2001/XMLSchema-instance">
  <trainList />
  <flagList />
  <cameraXYZ>
    <X>450.553772</X>
    <Y>303.138</Y>
    <Z>-552.2862</Z>
  </cameraXYZ>
  <camRotationXYZ>
    <X>-0.0143123865</X>
    <Y>7.87039232</Y>
    <Z>0</Z>
  </camRotationXYZ>
  <camTileXZ>
    <x>145</x>
    <z>-102</z>
  </camTileXZ>
  <date>2016-12-03T13:10:59.5020256Z</date>
  <saveGameType>ExtraBoard</saveGameType>
  <signals />
  <switches />
  <description />
  <trackBulletins />
</ScnLoader>