<?xml version="1.0"?>
<ScnLoader xmlns:xsd="http://www.w3.org/2001/XMLSchema" xmlns:xsi="http://www.w3.org/2001/XMLSchema-instance">
  <trainList />
  <flagList />
  <cameraXYZ>
    <X>834.5633</X>
    <Y>91.61625</Y>
    <Z>-921.9005</Z>
  </cameraXYZ>
  <camRotationXYZ>
    <X>-0.0745320842</X>
    <Y>3.87180543</Y>
    <Z>0</Z>
  </camRotationXYZ>
  <camTileXZ>
    <x>-92</x>
    <z>194</z>
  </camTileXZ>
  <date>2016-12-03T08:53:53.6400897Z</date>
  <saveGameType>ExtraBoard</saveGameType>
  <signals />
  <switches />
  <description />
  <trackBulletins />
</ScnLoader>