<?xml version="1.0"?>
<ScnLoader xmlns:xsd="http://www.w3.org/2001/XMLSchema" xmlns:xsi="http://www.w3.org/2001/XMLSchema-instance">
  <trainList />
  <flagList />
  <cameraXYZ>
    <X>597.429565</X>
    <Y>94.3664551</Y>
    <Z>-521.125244</Z>
  </cameraXYZ>
  <camRotationXYZ>
    <X>-0.009050727</X>
    <Y>9.354628</Y>
    <Z>0</Z>
  </camRotationXYZ>
  <camTileXZ>
    <x>82</x>
    <z>-101</z>
  </camTileXZ>
  <date>2016-12-03T13:34:03.2336062Z</date>
  <saveGameType>ExtraBoard</saveGameType>
  <signals />
  <switches />
  <description />
  <trackBulletins />
</ScnLoader>