<?xml version="1.0"?>
<ScnLoader xmlns:xsd="http://www.w3.org/2001/XMLSchema" xmlns:xsi="http://www.w3.org/2001/XMLSchema-instance">
  <trainList />
  <flagList />
  <cameraXYZ>
    <X>452.5232</X>
    <Y>739.535339</Y>
    <Z>-784.58374</Z>
  </cameraXYZ>
  <camRotationXYZ>
    <X>0.0114124492</X>
    <Y>0.6277736</Y>
    <Z>0</Z>
  </camRotationXYZ>
  <camTileXZ>
    <x>141</x>
    <z>2</z>
  </camTileXZ>
  <date>2016-12-03T08:53:53.6400897Z</date>
  <saveGameType>ExtraBoard</saveGameType>
  <signals />
  <switches />
  <description />
  <trackBulletins />
</ScnLoader>