<?xml version="1.0"?>
<ScnLoader xmlns:xsd="http://www.w3.org/2001/XMLSchema" xmlns:xsi="http://www.w3.org/2001/XMLSchema-instance">
  <trainList />
  <flagList />
  <cameraXYZ>
    <X>140.559753</X>
    <Y>500.3659</Y>
    <Z>-839.6569</Z>
  </cameraXYZ>
  <camRotationXYZ>
    <X>0.0160897076</X>
    <Y>-2.664901</Y>
    <Z>0</Z>
  </camRotationXYZ>
  <camTileXZ>
    <x>173</x>
    <z>76</z>
  </camTileXZ>
  <date>2016-12-03T08:53:53.6400897Z</date>
  <saveGameType>ExtraBoard</saveGameType>
  <signals />
  <switches />
  <description />
  <trackBulletins />
</ScnLoader>