<?xml version="1.0"?>
<ScnLoader xmlns:xsd="http://www.w3.org/2001/XMLSchema" xmlns:xsi="http://www.w3.org/2001/XMLSchema-instance">
  <trainList />
  <flagList />
  <cameraXYZ>
    <X>74.66875</X>
    <Y>244.6411</Y>
    <Z>-53.8531036</Z>
  </cameraXYZ>
  <camRotationXYZ>
    <X>0.0155050308</X>
    <Y>17.175375</Y>
    <Z>0</Z>
  </camRotationXYZ>
  <camTileXZ>
    <x>377</x>
    <z>-52</z>
  </camTileXZ>
  <date>2016-12-03T14:33:58.3411698Z</date>
  <saveGameType>ExtraBoard</saveGameType>
  <signals />
  <switches />
  <description />
  <trackBulletins />
</ScnLoader>