<?xml version="1.0"?>
<ScnLoader xmlns:xsd="http://www.w3.org/2001/XMLSchema" xmlns:xsi="http://www.w3.org/2001/XMLSchema-instance">
  <trainList />
  <flagList />
  <cameraXYZ>
    <X>489.763153</X>
    <Y>29.3160229</Y>
    <Z>-485.872253</Z>
  </cameraXYZ>
  <camRotationXYZ>
    <X>-0.23706758</X>
    <Y>14.056613</Y>
    <Z>0</Z>
  </camRotationXYZ>
  <camTileXZ>
    <x>108</x>
    <z>-122</z>
  </camTileXZ>
  <date>2016-12-03T14:17:52.1587244Z</date>
  <saveGameType>ExtraBoard</saveGameType>
  <signals />
  <switches />
  <description />
  <trackBulletins />
</ScnLoader>