<?xml version="1.0"?>
<ScnLoader xmlns:xsd="http://www.w3.org/2001/XMLSchema" xmlns:xsi="http://www.w3.org/2001/XMLSchema-instance">
  <trainList />
  <flagList />
  <cameraXYZ>
    <X>205.728088</X>
    <Y>46.9451523</Y>
    <Z>-1014.29535</Z>
  </cameraXYZ>
  <camRotationXYZ>
    <X>-0.0148973018</X>
    <Y>29.4649868</Y>
    <Z>0</Z>
  </camRotationXYZ>
  <camTileXZ>
    <x>91</x>
    <z>-110</z>
  </camTileXZ>
  <date>2016-12-03T14:12:03.1712891Z</date>
  <saveGameType>ExtraBoard</saveGameType>
  <signals />
  <switches />
  <description />
  <trackBulletins />
</ScnLoader>