<?xml version="1.0"?>
<ScnLoader xmlns:xsd="http://www.w3.org/2001/XMLSchema" xmlns:xsi="http://www.w3.org/2001/XMLSchema-instance">
  <trainList />
  <flagList />
  <cameraXYZ>
    <X>797.5588</X>
    <Y>505.24472</Y>
    <Z>-418.102783</Z>
  </cameraXYZ>
  <camRotationXYZ>
    <X>-0.108362578</X>
    <Y>-13.1553068</Y>
    <Z>0</Z>
  </camRotationXYZ>
  <camTileXZ>
    <x>173</x>
    <z>81</z>
  </camTileXZ>
  <date>2017-12-24T16:37:14.2077975Z</date>
  <saveGameType>ExtraBoard</saveGameType>
  <signals />
  <switches />
  <description />
  <trackBulletins />
</ScnLoader>