<?xml version="1.0"?>
<ScnLoader xmlns:xsd="http://www.w3.org/2001/XMLSchema" xmlns:xsi="http://www.w3.org/2001/XMLSchema-instance">
  <trainList />
  <flagList />
  <cameraXYZ>
    <X>208.045975</X>
    <Y>30.3891239</Y>
    <Z>-269.522461</Z>
  </cameraXYZ>
  <camRotationXYZ>
    <X>0.06528182</X>
    <Y>16.6444511</Y>
    <Z>0</Z>
  </camRotationXYZ>
  <camTileXZ>
    <x>103</x>
    <z>-119</z>
  </camTileXZ>
  <date>2016-12-03T14:37:30.1083792Z</date>
  <saveGameType>ExtraBoard</saveGameType>
  <signals />
  <switches />
  <description />
  <trackBulletins />
</ScnLoader>