<?xml version="1.0"?>
<ScnLoader xmlns:xsd="http://www.w3.org/2001/XMLSchema" xmlns:xsi="http://www.w3.org/2001/XMLSchema-instance">
  <trainList />
  <flagList />
  <cameraXYZ>
    <X>549.9342</X>
    <Y>828.6654</Y>
    <Z>-337.5271</Z>
  </cameraXYZ>
  <camRotationXYZ>
    <X>0.00160588324</X>
    <Y>-6.12443972</Y>
    <Z>0</Z>
  </camRotationXYZ>
  <camTileXZ>
    <x>89</x>
    <z>4</z>
  </camTileXZ>
  <date>2017-12-24T16:25:17.5437499Z</date>
  <saveGameType>ExtraBoard</saveGameType>
  <signals />
  <switches />
  <description />
  <trackBulletins />
</ScnLoader>