<?xml version="1.0"?>
<ScnLoader xmlns:xsd="http://www.w3.org/2001/XMLSchema" xmlns:xsi="http://www.w3.org/2001/XMLSchema-instance">
  <trainList />
  <flagList />
  <cameraXYZ>
    <X>66.71067</X>
    <Y>108.935623</Y>
    <Z>-396.2294</Z>
  </cameraXYZ>
  <camRotationXYZ>
    <X>-0.121079013</X>
    <Y>-14.8028374</Y>
    <Z>0</Z>
  </camRotationXYZ>
  <camTileXZ>
    <x>113</x>
    <z>-107</z>
  </camTileXZ>
  <date>2017-12-24T16:17:40.2377891Z</date>
  <saveGameType>ExtraBoard</saveGameType>
  <signals />
  <switches />
  <description />
  <trackBulletins />
</ScnLoader>