<?xml version="1.0"?>
<ScnLoader xmlns:xsd="http://www.w3.org/2001/XMLSchema" xmlns:xsi="http://www.w3.org/2001/XMLSchema-instance">
  <trainList />
  <flagList />
  <cameraXYZ>
    <X>323.737823</X>
    <Y>190.637222</Y>
    <Z>-901.2472</Z>
  </cameraXYZ>
  <camRotationXYZ>
    <X>-0.0512921661</X>
    <Y>23.4580116</Y>
    <Z>0</Z>
  </camRotationXYZ>
  <camTileXZ>
    <x>156</x>
    <z>-122</z>
  </camTileXZ>
  <date>2016-12-03T14:26:14.6890554Z</date>
  <saveGameType>ExtraBoard</saveGameType>
  <signals />
  <switches />
  <description />
  <trackBulletins />
</ScnLoader>