<?xml version="1.0"?>
<ScnLoader xmlns:xsd="http://www.w3.org/2001/XMLSchema" xmlns:xsi="http://www.w3.org/2001/XMLSchema-instance">
  <trainList>
    <TrainLoader>
      <trainID>999912</trainID>
      <TrainWasAI>false</TrainWasAI>
      <DispatchTrainDirection>0</DispatchTrainDirection>
      <ManuallyAppliedSpeedLimitMPH>2147483647</ManuallyAppliedSpeedLimitMPH>
      <PreviousSignalInstruction>Clear</PreviousSignalInstruction>
      <unitLoaderList>
        <RailVehicleStateClass>
          <rvXMLfilename>Run8_P42_Amtrak04.xml</rvXMLfilename>
          <unitType>US_DieselEngine</unitType>
          <currentRoutePrefix>
            <int>100</int>
            <int>100</int>
          </currentRoutePrefix>
          <currentTrackSectionIndex>
            <int>5550</int>
            <int>5551</int>
          </currentTrackSectionIndex>
          <startNodeIndex>
            <int>0</int>
            <int>0</int>
          </startNodeIndex>
          <distanceTravelledInMeters>
            <float>13.645</float>
            <float>6.6</float>
          </distanceTravelledInMeters>
          <reverseDirection>
            <boolean>true</boolean>
            <boolean>true</boolean>
          </reverseDirection>
          <loadWeightUSTons>10.8932877</loadWeightUSTons>
          <destinationTag>AMTRAK Surfliner</destinationTag>
          <unitNumber>178</unitNumber>
        </RailVehicleStateClass>
        <RailVehicleStateClass>
          <rvXMLfilename>R8_Amtrak_CchBagPhsIV.xml</rvXMLfilename>
          <unitType>US_Freightcar</unitType>
          <currentRoutePrefix>
            <int>100</int>
            <int>100</int>
          </currentRoutePrefix>
          <currentTrackSectionIndex>
            <int>5551</int>
            <int>5552</int>
          </currentTrackSectionIndex>
          <startNodeIndex>
            <int>0</int>
            <int>0</int>
          </startNodeIndex>
          <distanceTravelledInMeters>
            <float>14.765</float>
            <float>13.07</float>
          </distanceTravelledInMeters>
          <reverseDirection>
            <boolean>true</boolean>
            <boolean>true</boolean>
          </reverseDirection>
          <loadWeightUSTons>1.65129793</loadWeightUSTons>
          <destinationTag>None</destinationTag>
          <unitNumber>490194</unitNumber>
        </RailVehicleStateClass>
        <RailVehicleStateClass>
          <rvXMLfilename>R8_Amtrak_CoachPhsIV.xml</rvXMLfilename>
          <unitType>US_Freightcar</unitType>
          <currentRoutePrefix>
            <int>100</int>
            <int>100</int>
          </currentRoutePrefix>
          <currentTrackSectionIndex>
            <int>5553</int>
            <int>5553</int>
          </currentTrackSectionIndex>
          <startNodeIndex>
            <int>0</int>
            <int>0</int>
          </startNodeIndex>
          <distanceTravelledInMeters>
            <float>1.295</float>
            <float>19.6</float>
          </distanceTravelledInMeters>
          <reverseDirection>
            <boolean>true</boolean>
            <boolean>true</boolean>
          </reverseDirection>
          <loadWeightUSTons>1.34134054</loadWeightUSTons>
          <destinationTag>None</destinationTag>
          <unitNumber>438353</unitNumber>
        </RailVehicleStateClass>
        <RailVehicleStateClass>
          <rvXMLfilename>R8_Amtrak_LoungePhsIV.xml</rvXMLfilename>
          <unitType>US_Freightcar</unitType>
          <currentRoutePrefix>
            <int>100</int>
            <int>100</int>
          </currentRoutePrefix>
          <currentTrackSectionIndex>
            <int>5553</int>
            <int>5553</int>
          </currentTrackSectionIndex>
          <startNodeIndex>
            <int>0</int>
            <int>0</int>
          </startNodeIndex>
          <distanceTravelledInMeters>
            <float>27.83</float>
            <float>46.13</float>
          </distanceTravelledInMeters>
          <reverseDirection>
            <boolean>true</boolean>
            <boolean>true</boolean>
          </reverseDirection>
          <loadWeightUSTons>0.95389384</loadWeightUSTons>
          <destinationTag>None</destinationTag>
          <unitNumber>299701</unitNumber>
        </RailVehicleStateClass>
        <RailVehicleStateClass>
          <rvXMLfilename>R8_Amtrak_CoachPhsIV.xml</rvXMLfilename>
          <unitType>US_Freightcar</unitType>
          <currentRoutePrefix>
            <int>100</int>
            <int>100</int>
          </currentRoutePrefix>
          <currentTrackSectionIndex>
            <int>5553</int>
            <int>5553</int>
          </currentTrackSectionIndex>
          <startNodeIndex>
            <int>0</int>
            <int>0</int>
          </startNodeIndex>
          <distanceTravelledInMeters>
            <float>54.36</float>
            <float>72.66</float>
          </distanceTravelledInMeters>
          <reverseDirection>
            <boolean>true</boolean>
            <boolean>true</boolean>
          </reverseDirection>
          <loadWeightUSTons>1.69004261</loadWeightUSTons>
          <destinationTag>None</destinationTag>
          <unitNumber>661466</unitNumber>
        </RailVehicleStateClass>
        <RailVehicleStateClass>
          <rvXMLfilename>R8_Amtrak_CoachPhsIV.xml</rvXMLfilename>
          <unitType>US_Freightcar</unitType>
          <currentRoutePrefix>
            <int>100</int>
            <int>100</int>
          </currentRoutePrefix>
          <currentTrackSectionIndex>
            <int>5553</int>
            <int>5553</int>
          </currentTrackSectionIndex>
          <startNodeIndex>
            <int>0</int>
            <int>0</int>
          </startNodeIndex>
          <distanceTravelledInMeters>
            <float>80.89</float>
            <float>99.195</float>
          </distanceTravelledInMeters>
          <reverseDirection>
            <boolean>true</boolean>
            <boolean>true</boolean>
          </reverseDirection>
          <loadWeightUSTons>1.38008523</loadWeightUSTons>
          <destinationTag>None</destinationTag>
          <unitNumber>554416</unitNumber>
        </RailVehicleStateClass>
      </unitLoaderList>
    </TrainLoader>
  </trainList>
  <flagList />
  <cameraXYZ>
    <X>365.871857</X>
    <Y>861.811</Y>
    <Z>-829.8414</Z>
  </cameraXYZ>
  <camRotationXYZ>
    <X>-0.0257249549</X>
    <Y>5.593678</Y>
    <Z>0</Z>
  </camRotationXYZ>
  <camTileXZ>
    <x>90</x>
    <z>7</z>
  </camTileXZ>
  <date>2021-04-12T17:03:53.9312229Z</date>
  <saveGameType>Train</saveGameType>
  <signals />
  <switches />
  <description>--SB Los Angeles to San Diego
564 580

--NB San Diego to Los Angeles
767 579

Los Angeles
Fullerton</description>
  <trackBulletins />
</ScnLoader>