<?xml version="1.0"?>
<ScnLoader xmlns:xsd="http://www.w3.org/2001/XMLSchema" xmlns:xsi="http://www.w3.org/2001/XMLSchema-instance">
  <trainList>
    <TrainLoader>
      <trainID>999926</trainID>
      <TrainWasAI>false</TrainWasAI>
      <DispatchTrainDirection>0</DispatchTrainDirection>
      <ManuallyAppliedSpeedLimitMPH>2147483647</ManuallyAppliedSpeedLimitMPH>
      <PreviousSignalInstruction>Clear</PreviousSignalInstruction>
      <unitLoaderList>
        <RailVehicleStateClass>
          <rvXMLfilename>Run8_ES44DC_BNSF.xml</rvXMLfilename>
          <unitType>US_DieselEngine</unitType>
          <currentRoutePrefix>
            <int>100</int>
            <int>100</int>
          </currentRoutePrefix>
          <currentTrackSectionIndex>
            <int>5551</int>
            <int>5552</int>
          </currentTrackSectionIndex>
          <startNodeIndex>
            <int>0</int>
            <int>0</int>
          </startNodeIndex>
          <distanceTravelledInMeters>
            <float>15.095</float>
            <float>9.205</float>
          </distanceTravelledInMeters>
          <reverseDirection>
            <boolean>true</boolean>
            <boolean>true</boolean>
          </reverseDirection>
          <loadWeightUSTons>9.116055</loadWeightUSTons>
          <destinationTag>G-COMBAR-Grain 03 BNSF BN</destinationTag>
          <unitNumber>7728</unitNumber>
        </RailVehicleStateClass>
        <RailVehicleStateClass>
          <rvXMLfilename>Run8_SD70ACE_BNSF01.xml</rvXMLfilename>
          <unitType>US_DieselEngine</unitType>
          <currentRoutePrefix>
            <int>100</int>
            <int>100</int>
          </currentRoutePrefix>
          <currentTrackSectionIndex>
            <int>5553</int>
            <int>5552</int>
          </currentTrackSectionIndex>
          <startNodeIndex>
            <int>0</int>
            <int>0</int>
          </startNodeIndex>
          <distanceTravelledInMeters>
            <float>12.02</float>
            <float>17.3</float>
          </distanceTravelledInMeters>
          <reverseDirection>
            <boolean>false</boolean>
            <boolean>false</boolean>
          </reverseDirection>
          <loadWeightUSTons>16.3738079</loadWeightUSTons>
          <destinationTag>None</destinationTag>
          <unitNumber>9028</unitNumber>
        </RailVehicleStateClass>
        <RailVehicleStateClass>
          <rvXMLfilename>Run8_SD70ACE_BNSF01.xml</rvXMLfilename>
          <unitType>US_DieselEngine</unitType>
          <currentRoutePrefix>
            <int>100</int>
            <int>100</int>
          </currentRoutePrefix>
          <currentTrackSectionIndex>
            <int>5553</int>
            <int>5553</int>
          </currentTrackSectionIndex>
          <startNodeIndex>
            <int>0</int>
            <int>0</int>
          </startNodeIndex>
          <distanceTravelledInMeters>
            <float>34.69</float>
            <float>19.97</float>
          </distanceTravelledInMeters>
          <reverseDirection>
            <boolean>false</boolean>
            <boolean>false</boolean>
          </reverseDirection>
          <loadWeightUSTons>13.6629992</loadWeightUSTons>
          <destinationTag>None</destinationTag>
          <unitNumber>9072</unitNumber>
        </RailVehicleStateClass>
        <RailVehicleStateClass>
          <rvXMLfilename>R8_C14Hopper_BNSF02.xml</rvXMLfilename>
          <unitType>US_Freightcar</unitType>
          <currentRoutePrefix>
            <int>100</int>
            <int>100</int>
          </currentRoutePrefix>
          <currentTrackSectionIndex>
            <int>5553</int>
            <int>5553</int>
          </currentTrackSectionIndex>
          <startNodeIndex>
            <int>0</int>
            <int>0</int>
          </startNodeIndex>
          <distanceTravelledInMeters>
            <float>40.64</float>
            <float>55.1</float>
          </distanceTravelledInMeters>
          <reverseDirection>
            <boolean>true</boolean>
            <boolean>true</boolean>
          </reverseDirection>
          <loadWeightUSTons>112.5</loadWeightUSTons>
          <destinationTag>STO</destinationTag>
          <unitNumber>623267</unitNumber>
        </RailVehicleStateClass>
        <RailVehicleStateClass>
          <rvXMLfilename>R8_C14Hopper_BNSF02.xml</rvXMLfilename>
          <unitType>US_Freightcar</unitType>
          <currentRoutePrefix>
            <int>100</int>
            <int>100</int>
          </currentRoutePrefix>
          <currentTrackSectionIndex>
            <int>5553</int>
            <int>5553</int>
          </currentTrackSectionIndex>
          <startNodeIndex>
            <int>0</int>
            <int>0</int>
          </startNodeIndex>
          <distanceTravelledInMeters>
            <float>59.045</float>
            <float>73.51</float>
          </distanceTravelledInMeters>
          <reverseDirection>
            <boolean>true</boolean>
            <boolean>true</boolean>
          </reverseDirection>
          <loadWeightUSTons>112.5</loadWeightUSTons>
          <destinationTag>STO</destinationTag>
          <unitNumber>538834</unitNumber>
        </RailVehicleStateClass>
        <RailVehicleStateClass>
          <rvXMLfilename>R8_C14Hopper_BNSF02.xml</rvXMLfilename>
          <unitType>US_Freightcar</unitType>
          <currentRoutePrefix>
            <int>100</int>
            <int>100</int>
          </currentRoutePrefix>
          <currentTrackSectionIndex>
            <int>5553</int>
            <int>5553</int>
          </currentTrackSectionIndex>
          <startNodeIndex>
            <int>0</int>
            <int>0</int>
          </startNodeIndex>
          <distanceTravelledInMeters>
            <float>77.455</float>
            <float>91.92</float>
          </distanceTravelledInMeters>
          <reverseDirection>
            <boolean>true</boolean>
            <boolean>true</boolean>
          </reverseDirection>
          <loadWeightUSTons>112.5</loadWeightUSTons>
          <destinationTag>STO</destinationTag>
          <unitNumber>549296</unitNumber>
        </RailVehicleStateClass>
        <RailVehicleStateClass>
          <rvXMLfilename>R8_C14Hopper_BN01.xml</rvXMLfilename>
          <unitType>US_Freightcar</unitType>
          <currentRoutePrefix>
            <int>100</int>
            <int>100</int>
          </currentRoutePrefix>
          <currentTrackSectionIndex>
            <int>5553</int>
            <int>5553</int>
          </currentTrackSectionIndex>
          <startNodeIndex>
            <int>0</int>
            <int>0</int>
          </startNodeIndex>
          <distanceTravelledInMeters>
            <float>95.865</float>
            <float>110.33</float>
          </distanceTravelledInMeters>
          <reverseDirection>
            <boolean>true</boolean>
            <boolean>true</boolean>
          </reverseDirection>
          <loadWeightUSTons>112.5</loadWeightUSTons>
          <destinationTag>STO</destinationTag>
          <unitNumber>517195</unitNumber>
        </RailVehicleStateClass>
        <RailVehicleStateClass>
          <rvXMLfilename>R8_C14Hopper_BNSF02.xml</rvXMLfilename>
          <unitType>US_Freightcar</unitType>
          <currentRoutePrefix>
            <int>100</int>
            <int>100</int>
          </currentRoutePrefix>
          <currentTrackSectionIndex>
            <int>5553</int>
            <int>5553</int>
          </currentTrackSectionIndex>
          <startNodeIndex>
            <int>0</int>
            <int>0</int>
          </startNodeIndex>
          <distanceTravelledInMeters>
            <float>114.275</float>
            <float>128.74</float>
          </distanceTravelledInMeters>
          <reverseDirection>
            <boolean>true</boolean>
            <boolean>true</boolean>
          </reverseDirection>
          <loadWeightUSTons>112.5</loadWeightUSTons>
          <destinationTag>STO</destinationTag>
          <unitNumber>158092</unitNumber>
        </RailVehicleStateClass>
        <RailVehicleStateClass>
          <rvXMLfilename>R8_C14Hopper_BNSF02.xml</rvXMLfilename>
          <unitType>US_Freightcar</unitType>
          <currentRoutePrefix>
            <int>100</int>
            <int>100</int>
          </currentRoutePrefix>
          <currentTrackSectionIndex>
            <int>5553</int>
            <int>5553</int>
          </currentTrackSectionIndex>
          <startNodeIndex>
            <int>0</int>
            <int>0</int>
          </startNodeIndex>
          <distanceTravelledInMeters>
            <float>132.685</float>
            <float>147.145</float>
          </distanceTravelledInMeters>
          <reverseDirection>
            <boolean>true</boolean>
            <boolean>true</boolean>
          </reverseDirection>
          <loadWeightUSTons>112.5</loadWeightUSTons>
          <destinationTag>STO</destinationTag>
          <unitNumber>755379</unitNumber>
        </RailVehicleStateClass>
        <RailVehicleStateClass>
          <rvXMLfilename>R8_C14Hopper_BN01.xml</rvXMLfilename>
          <unitType>US_Freightcar</unitType>
          <currentRoutePrefix>
            <int>100</int>
            <int>100</int>
          </currentRoutePrefix>
          <currentTrackSectionIndex>
            <int>5553</int>
            <int>5553</int>
          </currentTrackSectionIndex>
          <startNodeIndex>
            <int>0</int>
            <int>0</int>
          </startNodeIndex>
          <distanceTravelledInMeters>
            <float>151.09</float>
            <float>165.55</float>
          </distanceTravelledInMeters>
          <reverseDirection>
            <boolean>true</boolean>
            <boolean>true</boolean>
          </reverseDirection>
          <loadWeightUSTons>112.5</loadWeightUSTons>
          <destinationTag>STO</destinationTag>
          <unitNumber>926982</unitNumber>
        </RailVehicleStateClass>
        <RailVehicleStateClass>
          <rvXMLfilename>R8_C14Hopper_BN01.xml</rvXMLfilename>
          <unitType>US_Freightcar</unitType>
          <currentRoutePrefix>
            <int>100</int>
            <int>100</int>
          </currentRoutePrefix>
          <currentTrackSectionIndex>
            <int>5553</int>
            <int>5553</int>
          </currentTrackSectionIndex>
          <startNodeIndex>
            <int>0</int>
            <int>0</int>
          </startNodeIndex>
          <distanceTravelledInMeters>
            <float>169.495</float>
            <float>183.955</float>
          </distanceTravelledInMeters>
          <reverseDirection>
            <boolean>true</boolean>
            <boolean>true</boolean>
          </reverseDirection>
          <loadWeightUSTons>112.5</loadWeightUSTons>
          <destinationTag>STO</destinationTag>
          <unitNumber>672656</unitNumber>
        </RailVehicleStateClass>
        <RailVehicleStateClass>
          <rvXMLfilename>R8_C14Hopper_BNSF01.xml</rvXMLfilename>
          <unitType>US_Freightcar</unitType>
          <currentRoutePrefix>
            <int>100</int>
            <int>100</int>
          </currentRoutePrefix>
          <currentTrackSectionIndex>
            <int>5553</int>
            <int>5553</int>
          </currentTrackSectionIndex>
          <startNodeIndex>
            <int>0</int>
            <int>0</int>
          </startNodeIndex>
          <distanceTravelledInMeters>
            <float>187.905</float>
            <float>202.365</float>
          </distanceTravelledInMeters>
          <reverseDirection>
            <boolean>true</boolean>
            <boolean>true</boolean>
          </reverseDirection>
          <loadWeightUSTons>112.5</loadWeightUSTons>
          <destinationTag>STO</destinationTag>
          <unitNumber>399370</unitNumber>
        </RailVehicleStateClass>
        <RailVehicleStateClass>
          <rvXMLfilename>R8_C14Hopper_BNSF02.xml</rvXMLfilename>
          <unitType>US_Freightcar</unitType>
          <currentRoutePrefix>
            <int>100</int>
            <int>100</int>
          </currentRoutePrefix>
          <currentTrackSectionIndex>
            <int>5553</int>
            <int>5553</int>
          </currentTrackSectionIndex>
          <startNodeIndex>
            <int>0</int>
            <int>0</int>
          </startNodeIndex>
          <distanceTravelledInMeters>
            <float>206.315</float>
            <float>220.775</float>
          </distanceTravelledInMeters>
          <reverseDirection>
            <boolean>true</boolean>
            <boolean>true</boolean>
          </reverseDirection>
          <loadWeightUSTons>112.5</loadWeightUSTons>
          <destinationTag>STO</destinationTag>
          <unitNumber>443987</unitNumber>
        </RailVehicleStateClass>
        <RailVehicleStateClass>
          <rvXMLfilename>R8_C14Hopper_BNSF02.xml</rvXMLfilename>
          <unitType>US_Freightcar</unitType>
          <currentRoutePrefix>
            <int>100</int>
            <int>100</int>
          </currentRoutePrefix>
          <currentTrackSectionIndex>
            <int>5553</int>
            <int>5553</int>
          </currentTrackSectionIndex>
          <startNodeIndex>
            <int>0</int>
            <int>0</int>
          </startNodeIndex>
          <distanceTravelledInMeters>
            <float>224.72</float>
            <float>239.18</float>
          </distanceTravelledInMeters>
          <reverseDirection>
            <boolean>true</boolean>
            <boolean>true</boolean>
          </reverseDirection>
          <loadWeightUSTons>112.5</loadWeightUSTons>
          <destinationTag>STO</destinationTag>
          <unitNumber>975219</unitNumber>
        </RailVehicleStateClass>
        <RailVehicleStateClass>
          <rvXMLfilename>R8_C14Hopper_BNSF01.xml</rvXMLfilename>
          <unitType>US_Freightcar</unitType>
          <currentRoutePrefix>
            <int>100</int>
            <int>100</int>
          </currentRoutePrefix>
          <currentTrackSectionIndex>
            <int>5553</int>
            <int>5553</int>
          </currentTrackSectionIndex>
          <startNodeIndex>
            <int>0</int>
            <int>0</int>
          </startNodeIndex>
          <distanceTravelledInMeters>
            <float>243.13</float>
            <float>257.595</float>
          </distanceTravelledInMeters>
          <reverseDirection>
            <boolean>true</boolean>
            <boolean>true</boolean>
          </reverseDirection>
          <loadWeightUSTons>112.5</loadWeightUSTons>
          <destinationTag>STO</destinationTag>
          <unitNumber>367782</unitNumber>
        </RailVehicleStateClass>
        <RailVehicleStateClass>
          <rvXMLfilename>R8_C14Hopper_BN01.xml</rvXMLfilename>
          <unitType>US_Freightcar</unitType>
          <currentRoutePrefix>
            <int>100</int>
            <int>100</int>
          </currentRoutePrefix>
          <currentTrackSectionIndex>
            <int>5553</int>
            <int>5554</int>
          </currentTrackSectionIndex>
          <startNodeIndex>
            <int>0</int>
            <int>0</int>
          </startNodeIndex>
          <distanceTravelledInMeters>
            <float>261.545</float>
            <float>6.01</float>
          </distanceTravelledInMeters>
          <reverseDirection>
            <boolean>true</boolean>
            <boolean>true</boolean>
          </reverseDirection>
          <loadWeightUSTons>112.5</loadWeightUSTons>
          <destinationTag>STO</destinationTag>
          <unitNumber>218882</unitNumber>
        </RailVehicleStateClass>
        <RailVehicleStateClass>
          <rvXMLfilename>R8_C14Hopper_BN01.xml</rvXMLfilename>
          <unitType>US_Freightcar</unitType>
          <currentRoutePrefix>
            <int>100</int>
            <int>100</int>
          </currentRoutePrefix>
          <currentTrackSectionIndex>
            <int>5554</int>
            <int>5554</int>
          </currentTrackSectionIndex>
          <startNodeIndex>
            <int>0</int>
            <int>0</int>
          </startNodeIndex>
          <distanceTravelledInMeters>
            <float>9.955</float>
            <float>24.42</float>
          </distanceTravelledInMeters>
          <reverseDirection>
            <boolean>true</boolean>
            <boolean>true</boolean>
          </reverseDirection>
          <loadWeightUSTons>112.5</loadWeightUSTons>
          <destinationTag>STO</destinationTag>
          <unitNumber>560864</unitNumber>
        </RailVehicleStateClass>
        <RailVehicleStateClass>
          <rvXMLfilename>R8_C14Hopper_BNSF01.xml</rvXMLfilename>
          <unitType>US_Freightcar</unitType>
          <currentRoutePrefix>
            <int>100</int>
            <int>100</int>
          </currentRoutePrefix>
          <currentTrackSectionIndex>
            <int>5554</int>
            <int>5554</int>
          </currentTrackSectionIndex>
          <startNodeIndex>
            <int>0</int>
            <int>0</int>
          </startNodeIndex>
          <distanceTravelledInMeters>
            <float>28.365</float>
            <float>42.83</float>
          </distanceTravelledInMeters>
          <reverseDirection>
            <boolean>true</boolean>
            <boolean>true</boolean>
          </reverseDirection>
          <loadWeightUSTons>112.5</loadWeightUSTons>
          <destinationTag>STO</destinationTag>
          <unitNumber>950741</unitNumber>
        </RailVehicleStateClass>
        <RailVehicleStateClass>
          <rvXMLfilename>R8_C14Hopper_BNSF01.xml</rvXMLfilename>
          <unitType>US_Freightcar</unitType>
          <currentRoutePrefix>
            <int>100</int>
            <int>100</int>
          </currentRoutePrefix>
          <currentTrackSectionIndex>
            <int>5554</int>
            <int>5554</int>
          </currentTrackSectionIndex>
          <startNodeIndex>
            <int>0</int>
            <int>0</int>
          </startNodeIndex>
          <distanceTravelledInMeters>
            <float>46.78</float>
            <float>61.24</float>
          </distanceTravelledInMeters>
          <reverseDirection>
            <boolean>true</boolean>
            <boolean>true</boolean>
          </reverseDirection>
          <loadWeightUSTons>112.5</loadWeightUSTons>
          <destinationTag>STO</destinationTag>
          <unitNumber>202877</unitNumber>
        </RailVehicleStateClass>
        <RailVehicleStateClass>
          <rvXMLfilename>R8_C14Hopper_BNSF02.xml</rvXMLfilename>
          <unitType>US_Freightcar</unitType>
          <currentRoutePrefix>
            <int>100</int>
            <int>100</int>
          </currentRoutePrefix>
          <currentTrackSectionIndex>
            <int>5554</int>
            <int>5554</int>
          </currentTrackSectionIndex>
          <startNodeIndex>
            <int>0</int>
            <int>0</int>
          </startNodeIndex>
          <distanceTravelledInMeters>
            <float>65.19</float>
            <float>79.65</float>
          </distanceTravelledInMeters>
          <reverseDirection>
            <boolean>true</boolean>
            <boolean>true</boolean>
          </reverseDirection>
          <loadWeightUSTons>112.5</loadWeightUSTons>
          <destinationTag>STO</destinationTag>
          <unitNumber>135584</unitNumber>
        </RailVehicleStateClass>
        <RailVehicleStateClass>
          <rvXMLfilename>R8_C14Hopper_BNSF02.xml</rvXMLfilename>
          <unitType>US_Freightcar</unitType>
          <currentRoutePrefix>
            <int>100</int>
            <int>100</int>
          </currentRoutePrefix>
          <currentTrackSectionIndex>
            <int>5554</int>
            <int>5554</int>
          </currentTrackSectionIndex>
          <startNodeIndex>
            <int>0</int>
            <int>0</int>
          </startNodeIndex>
          <distanceTravelledInMeters>
            <float>83.6</float>
            <float>98.06</float>
          </distanceTravelledInMeters>
          <reverseDirection>
            <boolean>true</boolean>
            <boolean>true</boolean>
          </reverseDirection>
          <loadWeightUSTons>112.5</loadWeightUSTons>
          <destinationTag>STO</destinationTag>
          <unitNumber>656795</unitNumber>
        </RailVehicleStateClass>
        <RailVehicleStateClass>
          <rvXMLfilename>R8_C14Hopper_BN01.xml</rvXMLfilename>
          <unitType>US_Freightcar</unitType>
          <currentRoutePrefix>
            <int>100</int>
            <int>100</int>
          </currentRoutePrefix>
          <currentTrackSectionIndex>
            <int>5554</int>
            <int>5554</int>
          </currentTrackSectionIndex>
          <startNodeIndex>
            <int>0</int>
            <int>0</int>
          </startNodeIndex>
          <distanceTravelledInMeters>
            <float>102.01</float>
            <float>116.47</float>
          </distanceTravelledInMeters>
          <reverseDirection>
            <boolean>true</boolean>
            <boolean>true</boolean>
          </reverseDirection>
          <loadWeightUSTons>112.5</loadWeightUSTons>
          <destinationTag>STO</destinationTag>
          <unitNumber>233289</unitNumber>
        </RailVehicleStateClass>
        <RailVehicleStateClass>
          <rvXMLfilename>R8_C14Hopper_BNSF02.xml</rvXMLfilename>
          <unitType>US_Freightcar</unitType>
          <currentRoutePrefix>
            <int>100</int>
            <int>100</int>
          </currentRoutePrefix>
          <currentTrackSectionIndex>
            <int>5554</int>
            <int>5554</int>
          </currentTrackSectionIndex>
          <startNodeIndex>
            <int>0</int>
            <int>0</int>
          </startNodeIndex>
          <distanceTravelledInMeters>
            <float>120.42</float>
            <float>134.88</float>
          </distanceTravelledInMeters>
          <reverseDirection>
            <boolean>true</boolean>
            <boolean>true</boolean>
          </reverseDirection>
          <loadWeightUSTons>112.5</loadWeightUSTons>
          <destinationTag>STO</destinationTag>
          <unitNumber>448107</unitNumber>
        </RailVehicleStateClass>
        <RailVehicleStateClass>
          <rvXMLfilename>R8_C14Hopper_BN01.xml</rvXMLfilename>
          <unitType>US_Freightcar</unitType>
          <currentRoutePrefix>
            <int>100</int>
            <int>100</int>
          </currentRoutePrefix>
          <currentTrackSectionIndex>
            <int>5554</int>
            <int>5554</int>
          </currentTrackSectionIndex>
          <startNodeIndex>
            <int>0</int>
            <int>0</int>
          </startNodeIndex>
          <distanceTravelledInMeters>
            <float>138.83</float>
            <float>153.29</float>
          </distanceTravelledInMeters>
          <reverseDirection>
            <boolean>true</boolean>
            <boolean>true</boolean>
          </reverseDirection>
          <loadWeightUSTons>112.5</loadWeightUSTons>
          <destinationTag>STO</destinationTag>
          <unitNumber>979704</unitNumber>
        </RailVehicleStateClass>
        <RailVehicleStateClass>
          <rvXMLfilename>R8_C14Hopper_BN01.xml</rvXMLfilename>
          <unitType>US_Freightcar</unitType>
          <currentRoutePrefix>
            <int>100</int>
            <int>100</int>
          </currentRoutePrefix>
          <currentTrackSectionIndex>
            <int>5554</int>
            <int>5554</int>
          </currentTrackSectionIndex>
          <startNodeIndex>
            <int>0</int>
            <int>0</int>
          </startNodeIndex>
          <distanceTravelledInMeters>
            <float>157.24</float>
            <float>171.7</float>
          </distanceTravelledInMeters>
          <reverseDirection>
            <boolean>true</boolean>
            <boolean>true</boolean>
          </reverseDirection>
          <loadWeightUSTons>112.5</loadWeightUSTons>
          <destinationTag>STO</destinationTag>
          <unitNumber>909354</unitNumber>
        </RailVehicleStateClass>
        <RailVehicleStateClass>
          <rvXMLfilename>R8_C14Hopper_BN01.xml</rvXMLfilename>
          <unitType>US_Freightcar</unitType>
          <currentRoutePrefix>
            <int>100</int>
            <int>100</int>
          </currentRoutePrefix>
          <currentTrackSectionIndex>
            <int>5554</int>
            <int>5554</int>
          </currentTrackSectionIndex>
          <startNodeIndex>
            <int>0</int>
            <int>0</int>
          </startNodeIndex>
          <distanceTravelledInMeters>
            <float>175.65</float>
            <float>190.11</float>
          </distanceTravelledInMeters>
          <reverseDirection>
            <boolean>true</boolean>
            <boolean>true</boolean>
          </reverseDirection>
          <loadWeightUSTons>112.5</loadWeightUSTons>
          <destinationTag>STO</destinationTag>
          <unitNumber>320102</unitNumber>
        </RailVehicleStateClass>
        <RailVehicleStateClass>
          <rvXMLfilename>R8_C14Hopper_BN01.xml</rvXMLfilename>
          <unitType>US_Freightcar</unitType>
          <currentRoutePrefix>
            <int>100</int>
            <int>100</int>
          </currentRoutePrefix>
          <currentTrackSectionIndex>
            <int>5554</int>
            <int>5554</int>
          </currentTrackSectionIndex>
          <startNodeIndex>
            <int>0</int>
            <int>0</int>
          </startNodeIndex>
          <distanceTravelledInMeters>
            <float>194.06</float>
            <float>208.52</float>
          </distanceTravelledInMeters>
          <reverseDirection>
            <boolean>true</boolean>
            <boolean>true</boolean>
          </reverseDirection>
          <loadWeightUSTons>112.5</loadWeightUSTons>
          <destinationTag>STO</destinationTag>
          <unitNumber>232128</unitNumber>
        </RailVehicleStateClass>
        <RailVehicleStateClass>
          <rvXMLfilename>R8_C14Hopper_BNSF02.xml</rvXMLfilename>
          <unitType>US_Freightcar</unitType>
          <currentRoutePrefix>
            <int>100</int>
            <int>100</int>
          </currentRoutePrefix>
          <currentTrackSectionIndex>
            <int>5554</int>
            <int>5554</int>
          </currentTrackSectionIndex>
          <startNodeIndex>
            <int>0</int>
            <int>0</int>
          </startNodeIndex>
          <distanceTravelledInMeters>
            <float>212.47</float>
            <float>226.93</float>
          </distanceTravelledInMeters>
          <reverseDirection>
            <boolean>true</boolean>
            <boolean>true</boolean>
          </reverseDirection>
          <loadWeightUSTons>112.5</loadWeightUSTons>
          <destinationTag>STO</destinationTag>
          <unitNumber>942003</unitNumber>
        </RailVehicleStateClass>
        <RailVehicleStateClass>
          <rvXMLfilename>R8_C14Hopper_BN01.xml</rvXMLfilename>
          <unitType>US_Freightcar</unitType>
          <currentRoutePrefix>
            <int>100</int>
            <int>100</int>
          </currentRoutePrefix>
          <currentTrackSectionIndex>
            <int>5554</int>
            <int>5554</int>
          </currentTrackSectionIndex>
          <startNodeIndex>
            <int>0</int>
            <int>0</int>
          </startNodeIndex>
          <distanceTravelledInMeters>
            <float>230.88</float>
            <float>245.34</float>
          </distanceTravelledInMeters>
          <reverseDirection>
            <boolean>true</boolean>
            <boolean>true</boolean>
          </reverseDirection>
          <loadWeightUSTons>112.5</loadWeightUSTons>
          <destinationTag>STO</destinationTag>
          <unitNumber>701738</unitNumber>
        </RailVehicleStateClass>
        <RailVehicleStateClass>
          <rvXMLfilename>R8_C14Hopper_BNSF01.xml</rvXMLfilename>
          <unitType>US_Freightcar</unitType>
          <currentRoutePrefix>
            <int>100</int>
            <int>100</int>
          </currentRoutePrefix>
          <currentTrackSectionIndex>
            <int>5554</int>
            <int>5554</int>
          </currentTrackSectionIndex>
          <startNodeIndex>
            <int>0</int>
            <int>0</int>
          </startNodeIndex>
          <distanceTravelledInMeters>
            <float>249.29</float>
            <float>263.75</float>
          </distanceTravelledInMeters>
          <reverseDirection>
            <boolean>true</boolean>
            <boolean>true</boolean>
          </reverseDirection>
          <loadWeightUSTons>112.5</loadWeightUSTons>
          <destinationTag>STO</destinationTag>
          <unitNumber>242109</unitNumber>
        </RailVehicleStateClass>
        <RailVehicleStateClass>
          <rvXMLfilename>R8_C14Hopper_BNSF02.xml</rvXMLfilename>
          <unitType>US_Freightcar</unitType>
          <currentRoutePrefix>
            <int>100</int>
            <int>100</int>
          </currentRoutePrefix>
          <currentTrackSectionIndex>
            <int>5554</int>
            <int>5555</int>
          </currentTrackSectionIndex>
          <startNodeIndex>
            <int>0</int>
            <int>0</int>
          </startNodeIndex>
          <distanceTravelledInMeters>
            <float>267.695</float>
            <float>12.16</float>
          </distanceTravelledInMeters>
          <reverseDirection>
            <boolean>true</boolean>
            <boolean>true</boolean>
          </reverseDirection>
          <loadWeightUSTons>112.5</loadWeightUSTons>
          <destinationTag>STO</destinationTag>
          <unitNumber>504634</unitNumber>
        </RailVehicleStateClass>
        <RailVehicleStateClass>
          <rvXMLfilename>R8_C14Hopper_BNSF02.xml</rvXMLfilename>
          <unitType>US_Freightcar</unitType>
          <currentRoutePrefix>
            <int>100</int>
            <int>100</int>
          </currentRoutePrefix>
          <currentTrackSectionIndex>
            <int>5555</int>
            <int>5556</int>
          </currentTrackSectionIndex>
          <startNodeIndex>
            <int>0</int>
            <int>0</int>
          </startNodeIndex>
          <distanceTravelledInMeters>
            <float>16.105</float>
            <float>10.57</float>
          </distanceTravelledInMeters>
          <reverseDirection>
            <boolean>true</boolean>
            <boolean>true</boolean>
          </reverseDirection>
          <loadWeightUSTons>112.5</loadWeightUSTons>
          <destinationTag>STO</destinationTag>
          <unitNumber>322976</unitNumber>
        </RailVehicleStateClass>
        <RailVehicleStateClass>
          <rvXMLfilename>R8_C14Hopper_BNSF02.xml</rvXMLfilename>
          <unitType>US_Freightcar</unitType>
          <currentRoutePrefix>
            <int>100</int>
            <int>100</int>
          </currentRoutePrefix>
          <currentTrackSectionIndex>
            <int>5556</int>
            <int>5571</int>
          </currentTrackSectionIndex>
          <startNodeIndex>
            <int>0</int>
            <int>0</int>
          </startNodeIndex>
          <distanceTravelledInMeters>
            <float>14.52</float>
            <float>8.985</float>
          </distanceTravelledInMeters>
          <reverseDirection>
            <boolean>true</boolean>
            <boolean>true</boolean>
          </reverseDirection>
          <loadWeightUSTons>112.5</loadWeightUSTons>
          <destinationTag>STO</destinationTag>
          <unitNumber>593079</unitNumber>
        </RailVehicleStateClass>
        <RailVehicleStateClass>
          <rvXMLfilename>R8_C14Hopper_BN01.xml</rvXMLfilename>
          <unitType>US_Freightcar</unitType>
          <currentRoutePrefix>
            <int>100</int>
            <int>100</int>
          </currentRoutePrefix>
          <currentTrackSectionIndex>
            <int>5571</int>
            <int>5572</int>
          </currentTrackSectionIndex>
          <startNodeIndex>
            <int>0</int>
            <int>0</int>
          </startNodeIndex>
          <distanceTravelledInMeters>
            <float>12.93</float>
            <float>7.395</float>
          </distanceTravelledInMeters>
          <reverseDirection>
            <boolean>true</boolean>
            <boolean>true</boolean>
          </reverseDirection>
          <loadWeightUSTons>112.5</loadWeightUSTons>
          <destinationTag>SBD CAR</destinationTag>
          <unitNumber>316566</unitNumber>
        </RailVehicleStateClass>
        <RailVehicleStateClass>
          <rvXMLfilename>R8_C14Hopper_BNSF02.xml</rvXMLfilename>
          <unitType>US_Freightcar</unitType>
          <currentRoutePrefix>
            <int>100</int>
            <int>100</int>
          </currentRoutePrefix>
          <currentTrackSectionIndex>
            <int>5572</int>
            <int>5578</int>
          </currentTrackSectionIndex>
          <startNodeIndex>
            <int>0</int>
            <int>0</int>
          </startNodeIndex>
          <distanceTravelledInMeters>
            <float>11.34</float>
            <float>5.805</float>
          </distanceTravelledInMeters>
          <reverseDirection>
            <boolean>true</boolean>
            <boolean>true</boolean>
          </reverseDirection>
          <loadWeightUSTons>112.5</loadWeightUSTons>
          <destinationTag>SBD CAR</destinationTag>
          <unitNumber>238880</unitNumber>
        </RailVehicleStateClass>
        <RailVehicleStateClass>
          <rvXMLfilename>R8_C14Hopper_BNSF02.xml</rvXMLfilename>
          <unitType>US_Freightcar</unitType>
          <currentRoutePrefix>
            <int>100</int>
            <int>100</int>
          </currentRoutePrefix>
          <currentTrackSectionIndex>
            <int>5578</int>
            <int>5579</int>
          </currentTrackSectionIndex>
          <startNodeIndex>
            <int>0</int>
            <int>0</int>
          </startNodeIndex>
          <distanceTravelledInMeters>
            <float>9.745</float>
            <float>4.21</float>
          </distanceTravelledInMeters>
          <reverseDirection>
            <boolean>true</boolean>
            <boolean>true</boolean>
          </reverseDirection>
          <loadWeightUSTons>112.5</loadWeightUSTons>
          <destinationTag>SBD CAR</destinationTag>
          <unitNumber>766888</unitNumber>
        </RailVehicleStateClass>
        <RailVehicleStateClass>
          <rvXMLfilename>R8_C14Hopper_BNSF01.xml</rvXMLfilename>
          <unitType>US_Freightcar</unitType>
          <currentRoutePrefix>
            <int>100</int>
            <int>100</int>
          </currentRoutePrefix>
          <currentTrackSectionIndex>
            <int>5579</int>
            <int>5579</int>
          </currentTrackSectionIndex>
          <startNodeIndex>
            <int>0</int>
            <int>0</int>
          </startNodeIndex>
          <distanceTravelledInMeters>
            <float>8.155</float>
            <float>22.615</float>
          </distanceTravelledInMeters>
          <reverseDirection>
            <boolean>true</boolean>
            <boolean>true</boolean>
          </reverseDirection>
          <loadWeightUSTons>112.5</loadWeightUSTons>
          <destinationTag>SBD CAR</destinationTag>
          <unitNumber>848910</unitNumber>
        </RailVehicleStateClass>
        <RailVehicleStateClass>
          <rvXMLfilename>R8_C14Hopper_BNSF02.xml</rvXMLfilename>
          <unitType>US_Freightcar</unitType>
          <currentRoutePrefix>
            <int>100</int>
            <int>100</int>
          </currentRoutePrefix>
          <currentTrackSectionIndex>
            <int>5579</int>
            <int>5579</int>
          </currentTrackSectionIndex>
          <startNodeIndex>
            <int>0</int>
            <int>0</int>
          </startNodeIndex>
          <distanceTravelledInMeters>
            <float>26.555</float>
            <float>41.02</float>
          </distanceTravelledInMeters>
          <reverseDirection>
            <boolean>true</boolean>
            <boolean>true</boolean>
          </reverseDirection>
          <loadWeightUSTons>112.5</loadWeightUSTons>
          <destinationTag>SBD CAR</destinationTag>
          <unitNumber>869819</unitNumber>
        </RailVehicleStateClass>
        <RailVehicleStateClass>
          <rvXMLfilename>R8_C14Hopper_BN01.xml</rvXMLfilename>
          <unitType>US_Freightcar</unitType>
          <currentRoutePrefix>
            <int>100</int>
            <int>100</int>
          </currentRoutePrefix>
          <currentTrackSectionIndex>
            <int>5579</int>
            <int>5579</int>
          </currentTrackSectionIndex>
          <startNodeIndex>
            <int>0</int>
            <int>0</int>
          </startNodeIndex>
          <distanceTravelledInMeters>
            <float>44.96</float>
            <float>59.425</float>
          </distanceTravelledInMeters>
          <reverseDirection>
            <boolean>true</boolean>
            <boolean>true</boolean>
          </reverseDirection>
          <loadWeightUSTons>112.5</loadWeightUSTons>
          <destinationTag>SBD CAR</destinationTag>
          <unitNumber>183557</unitNumber>
        </RailVehicleStateClass>
        <RailVehicleStateClass>
          <rvXMLfilename>R8_C14Hopper_BN01.xml</rvXMLfilename>
          <unitType>US_Freightcar</unitType>
          <currentRoutePrefix>
            <int>100</int>
            <int>100</int>
          </currentRoutePrefix>
          <currentTrackSectionIndex>
            <int>5579</int>
            <int>5579</int>
          </currentTrackSectionIndex>
          <startNodeIndex>
            <int>0</int>
            <int>0</int>
          </startNodeIndex>
          <distanceTravelledInMeters>
            <float>63.37</float>
            <float>77.835</float>
          </distanceTravelledInMeters>
          <reverseDirection>
            <boolean>true</boolean>
            <boolean>true</boolean>
          </reverseDirection>
          <loadWeightUSTons>112.5</loadWeightUSTons>
          <destinationTag>SBD CAR</destinationTag>
          <unitNumber>407612</unitNumber>
        </RailVehicleStateClass>
        <RailVehicleStateClass>
          <rvXMLfilename>R8_C14Hopper_BNSF01.xml</rvXMLfilename>
          <unitType>US_Freightcar</unitType>
          <currentRoutePrefix>
            <int>100</int>
            <int>100</int>
          </currentRoutePrefix>
          <currentTrackSectionIndex>
            <int>5579</int>
            <int>5579</int>
          </currentTrackSectionIndex>
          <startNodeIndex>
            <int>0</int>
            <int>0</int>
          </startNodeIndex>
          <distanceTravelledInMeters>
            <float>81.775</float>
            <float>96.235</float>
          </distanceTravelledInMeters>
          <reverseDirection>
            <boolean>true</boolean>
            <boolean>true</boolean>
          </reverseDirection>
          <loadWeightUSTons>112.5</loadWeightUSTons>
          <destinationTag>SBD CAR</destinationTag>
          <unitNumber>543962</unitNumber>
        </RailVehicleStateClass>
        <RailVehicleStateClass>
          <rvXMLfilename>R8_C14Hopper_BNSF01.xml</rvXMLfilename>
          <unitType>US_Freightcar</unitType>
          <currentRoutePrefix>
            <int>100</int>
            <int>100</int>
          </currentRoutePrefix>
          <currentTrackSectionIndex>
            <int>5579</int>
            <int>5579</int>
          </currentTrackSectionIndex>
          <startNodeIndex>
            <int>0</int>
            <int>0</int>
          </startNodeIndex>
          <distanceTravelledInMeters>
            <float>100.18</float>
            <float>114.645</float>
          </distanceTravelledInMeters>
          <reverseDirection>
            <boolean>true</boolean>
            <boolean>true</boolean>
          </reverseDirection>
          <loadWeightUSTons>112.5</loadWeightUSTons>
          <destinationTag>SBD CAR</destinationTag>
          <unitNumber>223961</unitNumber>
        </RailVehicleStateClass>
        <RailVehicleStateClass>
          <rvXMLfilename>R8_C14Hopper_BNSF01.xml</rvXMLfilename>
          <unitType>US_Freightcar</unitType>
          <currentRoutePrefix>
            <int>100</int>
            <int>100</int>
          </currentRoutePrefix>
          <currentTrackSectionIndex>
            <int>5579</int>
            <int>5579</int>
          </currentTrackSectionIndex>
          <startNodeIndex>
            <int>0</int>
            <int>0</int>
          </startNodeIndex>
          <distanceTravelledInMeters>
            <float>118.59</float>
            <float>133.05</float>
          </distanceTravelledInMeters>
          <reverseDirection>
            <boolean>true</boolean>
            <boolean>true</boolean>
          </reverseDirection>
          <loadWeightUSTons>112.5</loadWeightUSTons>
          <destinationTag>SBD CAR</destinationTag>
          <unitNumber>695779</unitNumber>
        </RailVehicleStateClass>
        <RailVehicleStateClass>
          <rvXMLfilename>R8_C14Hopper_BN01.xml</rvXMLfilename>
          <unitType>US_Freightcar</unitType>
          <currentRoutePrefix>
            <int>100</int>
            <int>100</int>
          </currentRoutePrefix>
          <currentTrackSectionIndex>
            <int>5579</int>
            <int>5579</int>
          </currentTrackSectionIndex>
          <startNodeIndex>
            <int>0</int>
            <int>0</int>
          </startNodeIndex>
          <distanceTravelledInMeters>
            <float>136.995</float>
            <float>151.455</float>
          </distanceTravelledInMeters>
          <reverseDirection>
            <boolean>true</boolean>
            <boolean>true</boolean>
          </reverseDirection>
          <loadWeightUSTons>112.5</loadWeightUSTons>
          <destinationTag>SBD CAR</destinationTag>
          <unitNumber>215999</unitNumber>
        </RailVehicleStateClass>
        <RailVehicleStateClass>
          <rvXMLfilename>R8_C14Hopper_BNSF02.xml</rvXMLfilename>
          <unitType>US_Freightcar</unitType>
          <currentRoutePrefix>
            <int>100</int>
            <int>100</int>
          </currentRoutePrefix>
          <currentTrackSectionIndex>
            <int>5579</int>
            <int>5579</int>
          </currentTrackSectionIndex>
          <startNodeIndex>
            <int>0</int>
            <int>0</int>
          </startNodeIndex>
          <distanceTravelledInMeters>
            <float>155.395</float>
            <float>169.86</float>
          </distanceTravelledInMeters>
          <reverseDirection>
            <boolean>true</boolean>
            <boolean>true</boolean>
          </reverseDirection>
          <loadWeightUSTons>112.5</loadWeightUSTons>
          <destinationTag>SBD CAR</destinationTag>
          <unitNumber>581337</unitNumber>
        </RailVehicleStateClass>
        <RailVehicleStateClass>
          <rvXMLfilename>R8_C14Hopper_BNSF02.xml</rvXMLfilename>
          <unitType>US_Freightcar</unitType>
          <currentRoutePrefix>
            <int>100</int>
            <int>100</int>
          </currentRoutePrefix>
          <currentTrackSectionIndex>
            <int>5579</int>
            <int>5579</int>
          </currentTrackSectionIndex>
          <startNodeIndex>
            <int>0</int>
            <int>0</int>
          </startNodeIndex>
          <distanceTravelledInMeters>
            <float>173.8</float>
            <float>188.265</float>
          </distanceTravelledInMeters>
          <reverseDirection>
            <boolean>true</boolean>
            <boolean>true</boolean>
          </reverseDirection>
          <loadWeightUSTons>112.5</loadWeightUSTons>
          <destinationTag>SBD CAR</destinationTag>
          <unitNumber>886293</unitNumber>
        </RailVehicleStateClass>
        <RailVehicleStateClass>
          <rvXMLfilename>R8_C14Hopper_BN01.xml</rvXMLfilename>
          <unitType>US_Freightcar</unitType>
          <currentRoutePrefix>
            <int>100</int>
            <int>100</int>
          </currentRoutePrefix>
          <currentTrackSectionIndex>
            <int>5579</int>
            <int>5579</int>
          </currentTrackSectionIndex>
          <startNodeIndex>
            <int>0</int>
            <int>0</int>
          </startNodeIndex>
          <distanceTravelledInMeters>
            <float>192.21</float>
            <float>206.675</float>
          </distanceTravelledInMeters>
          <reverseDirection>
            <boolean>true</boolean>
            <boolean>true</boolean>
          </reverseDirection>
          <loadWeightUSTons>112.5</loadWeightUSTons>
          <destinationTag>SBD CAR</destinationTag>
          <unitNumber>750938</unitNumber>
        </RailVehicleStateClass>
        <RailVehicleStateClass>
          <rvXMLfilename>R8_C14Hopper_BN01.xml</rvXMLfilename>
          <unitType>US_Freightcar</unitType>
          <currentRoutePrefix>
            <int>100</int>
            <int>100</int>
          </currentRoutePrefix>
          <currentTrackSectionIndex>
            <int>5579</int>
            <int>5579</int>
          </currentTrackSectionIndex>
          <startNodeIndex>
            <int>0</int>
            <int>0</int>
          </startNodeIndex>
          <distanceTravelledInMeters>
            <float>210.62</float>
            <float>225.08</float>
          </distanceTravelledInMeters>
          <reverseDirection>
            <boolean>true</boolean>
            <boolean>true</boolean>
          </reverseDirection>
          <loadWeightUSTons>112.5</loadWeightUSTons>
          <destinationTag>SBD CAR</destinationTag>
          <unitNumber>282260</unitNumber>
        </RailVehicleStateClass>
        <RailVehicleStateClass>
          <rvXMLfilename>R8_C14Hopper_BN01.xml</rvXMLfilename>
          <unitType>US_Freightcar</unitType>
          <currentRoutePrefix>
            <int>100</int>
            <int>100</int>
          </currentRoutePrefix>
          <currentTrackSectionIndex>
            <int>5579</int>
            <int>5579</int>
          </currentTrackSectionIndex>
          <startNodeIndex>
            <int>0</int>
            <int>0</int>
          </startNodeIndex>
          <distanceTravelledInMeters>
            <float>229.02</float>
            <float>243.485</float>
          </distanceTravelledInMeters>
          <reverseDirection>
            <boolean>true</boolean>
            <boolean>true</boolean>
          </reverseDirection>
          <loadWeightUSTons>112.5</loadWeightUSTons>
          <destinationTag>SBD CAR</destinationTag>
          <unitNumber>430645</unitNumber>
        </RailVehicleStateClass>
        <RailVehicleStateClass>
          <rvXMLfilename>R8_C14Hopper_BNSF01.xml</rvXMLfilename>
          <unitType>US_Freightcar</unitType>
          <currentRoutePrefix>
            <int>100</int>
            <int>100</int>
          </currentRoutePrefix>
          <currentTrackSectionIndex>
            <int>5579</int>
            <int>5579</int>
          </currentTrackSectionIndex>
          <startNodeIndex>
            <int>0</int>
            <int>0</int>
          </startNodeIndex>
          <distanceTravelledInMeters>
            <float>247.43</float>
            <float>261.89</float>
          </distanceTravelledInMeters>
          <reverseDirection>
            <boolean>true</boolean>
            <boolean>true</boolean>
          </reverseDirection>
          <loadWeightUSTons>112.5</loadWeightUSTons>
          <destinationTag>SBD CAR</destinationTag>
          <unitNumber>886673</unitNumber>
        </RailVehicleStateClass>
        <RailVehicleStateClass>
          <rvXMLfilename>R8_C14Hopper_BN01.xml</rvXMLfilename>
          <unitType>US_Freightcar</unitType>
          <currentRoutePrefix>
            <int>100</int>
            <int>100</int>
          </currentRoutePrefix>
          <currentTrackSectionIndex>
            <int>5580</int>
            <int>5580</int>
          </currentTrackSectionIndex>
          <startNodeIndex>
            <int>0</int>
            <int>0</int>
          </startNodeIndex>
          <distanceTravelledInMeters>
            <float>0.835</float>
            <float>15.295</float>
          </distanceTravelledInMeters>
          <reverseDirection>
            <boolean>true</boolean>
            <boolean>true</boolean>
          </reverseDirection>
          <loadWeightUSTons>112.5</loadWeightUSTons>
          <destinationTag>SBD CAR</destinationTag>
          <unitNumber>288472</unitNumber>
        </RailVehicleStateClass>
        <RailVehicleStateClass>
          <rvXMLfilename>R8_C14Hopper_BNSF01.xml</rvXMLfilename>
          <unitType>US_Freightcar</unitType>
          <currentRoutePrefix>
            <int>100</int>
            <int>100</int>
          </currentRoutePrefix>
          <currentTrackSectionIndex>
            <int>5580</int>
            <int>5586</int>
          </currentTrackSectionIndex>
          <startNodeIndex>
            <int>0</int>
            <int>0</int>
          </startNodeIndex>
          <distanceTravelledInMeters>
            <float>19.235</float>
            <float>14.2923775</float>
          </distanceTravelledInMeters>
          <reverseDirection>
            <boolean>true</boolean>
            <boolean>true</boolean>
          </reverseDirection>
          <loadWeightUSTons>112.5</loadWeightUSTons>
          <destinationTag>SBD CAR</destinationTag>
          <unitNumber>124468</unitNumber>
        </RailVehicleStateClass>
        <RailVehicleStateClass>
          <rvXMLfilename>R8_C14Hopper_BNSF02.xml</rvXMLfilename>
          <unitType>US_Freightcar</unitType>
          <currentRoutePrefix>
            <int>100</int>
            <int>100</int>
          </currentRoutePrefix>
          <currentTrackSectionIndex>
            <int>5586</int>
            <int>5586</int>
          </currentTrackSectionIndex>
          <startNodeIndex>
            <int>0</int>
            <int>0</int>
          </startNodeIndex>
          <distanceTravelledInMeters>
            <float>18.232378</float>
            <float>32.6973763</float>
          </distanceTravelledInMeters>
          <reverseDirection>
            <boolean>true</boolean>
            <boolean>true</boolean>
          </reverseDirection>
          <loadWeightUSTons>112.5</loadWeightUSTons>
          <destinationTag>SBD CAR</destinationTag>
          <unitNumber>345273</unitNumber>
        </RailVehicleStateClass>
        <RailVehicleStateClass>
          <rvXMLfilename>R8_C14Hopper_BNSF02.xml</rvXMLfilename>
          <unitType>US_Freightcar</unitType>
          <currentRoutePrefix>
            <int>100</int>
            <int>100</int>
          </currentRoutePrefix>
          <currentTrackSectionIndex>
            <int>5586</int>
            <int>5586</int>
          </currentTrackSectionIndex>
          <startNodeIndex>
            <int>0</int>
            <int>0</int>
          </startNodeIndex>
          <distanceTravelledInMeters>
            <float>36.63738</float>
            <float>51.0973778</float>
          </distanceTravelledInMeters>
          <reverseDirection>
            <boolean>true</boolean>
            <boolean>true</boolean>
          </reverseDirection>
          <loadWeightUSTons>112.5</loadWeightUSTons>
          <destinationTag>SBD CAR</destinationTag>
          <unitNumber>405581</unitNumber>
        </RailVehicleStateClass>
        <RailVehicleStateClass>
          <rvXMLfilename>R8_C14Hopper_BNSF01.xml</rvXMLfilename>
          <unitType>US_Freightcar</unitType>
          <currentRoutePrefix>
            <int>100</int>
            <int>100</int>
          </currentRoutePrefix>
          <currentTrackSectionIndex>
            <int>5586</int>
            <int>5586</int>
          </currentTrackSectionIndex>
          <startNodeIndex>
            <int>0</int>
            <int>0</int>
          </startNodeIndex>
          <distanceTravelledInMeters>
            <float>55.0423775</float>
            <float>69.50238</float>
          </distanceTravelledInMeters>
          <reverseDirection>
            <boolean>true</boolean>
            <boolean>true</boolean>
          </reverseDirection>
          <loadWeightUSTons>112.5</loadWeightUSTons>
          <destinationTag>SBD CAR</destinationTag>
          <unitNumber>314194</unitNumber>
        </RailVehicleStateClass>
        <RailVehicleStateClass>
          <rvXMLfilename>R8_C14Hopper_BN01.xml</rvXMLfilename>
          <unitType>US_Freightcar</unitType>
          <currentRoutePrefix>
            <int>100</int>
            <int>100</int>
          </currentRoutePrefix>
          <currentTrackSectionIndex>
            <int>5586</int>
            <int>5586</int>
          </currentTrackSectionIndex>
          <startNodeIndex>
            <int>0</int>
            <int>0</int>
          </startNodeIndex>
          <distanceTravelledInMeters>
            <float>73.4423752</float>
            <float>87.90738</float>
          </distanceTravelledInMeters>
          <reverseDirection>
            <boolean>true</boolean>
            <boolean>true</boolean>
          </reverseDirection>
          <loadWeightUSTons>112.5</loadWeightUSTons>
          <destinationTag>SBD CAR</destinationTag>
          <unitNumber>289085</unitNumber>
        </RailVehicleStateClass>
        <RailVehicleStateClass>
          <rvXMLfilename>R8_C14Hopper_BN01.xml</rvXMLfilename>
          <unitType>US_Freightcar</unitType>
          <currentRoutePrefix>
            <int>100</int>
            <int>100</int>
          </currentRoutePrefix>
          <currentTrackSectionIndex>
            <int>5586</int>
            <int>5586</int>
          </currentTrackSectionIndex>
          <startNodeIndex>
            <int>0</int>
            <int>0</int>
          </startNodeIndex>
          <distanceTravelledInMeters>
            <float>91.85238</float>
            <float>106.312378</float>
          </distanceTravelledInMeters>
          <reverseDirection>
            <boolean>true</boolean>
            <boolean>true</boolean>
          </reverseDirection>
          <loadWeightUSTons>112.5</loadWeightUSTons>
          <destinationTag>SBD CAR</destinationTag>
          <unitNumber>652559</unitNumber>
        </RailVehicleStateClass>
        <RailVehicleStateClass>
          <rvXMLfilename>R8_C14Hopper_BNSF02.xml</rvXMLfilename>
          <unitType>US_Freightcar</unitType>
          <currentRoutePrefix>
            <int>100</int>
            <int>100</int>
          </currentRoutePrefix>
          <currentTrackSectionIndex>
            <int>5586</int>
            <int>5586</int>
          </currentTrackSectionIndex>
          <startNodeIndex>
            <int>0</int>
            <int>0</int>
          </startNodeIndex>
          <distanceTravelledInMeters>
            <float>110.257378</float>
            <float>124.722374</float>
          </distanceTravelledInMeters>
          <reverseDirection>
            <boolean>true</boolean>
            <boolean>true</boolean>
          </reverseDirection>
          <loadWeightUSTons>112.5</loadWeightUSTons>
          <destinationTag>SBD CAR</destinationTag>
          <unitNumber>290209</unitNumber>
        </RailVehicleStateClass>
        <RailVehicleStateClass>
          <rvXMLfilename>R8_C14Hopper_BNSF02.xml</rvXMLfilename>
          <unitType>US_Freightcar</unitType>
          <currentRoutePrefix>
            <int>100</int>
            <int>100</int>
          </currentRoutePrefix>
          <currentTrackSectionIndex>
            <int>5586</int>
            <int>5586</int>
          </currentTrackSectionIndex>
          <startNodeIndex>
            <int>0</int>
            <int>0</int>
          </startNodeIndex>
          <distanceTravelledInMeters>
            <float>128.667374</float>
            <float>143.12738</float>
          </distanceTravelledInMeters>
          <reverseDirection>
            <boolean>true</boolean>
            <boolean>true</boolean>
          </reverseDirection>
          <loadWeightUSTons>112.5</loadWeightUSTons>
          <destinationTag>SBD CAR</destinationTag>
          <unitNumber>713911</unitNumber>
        </RailVehicleStateClass>
        <RailVehicleStateClass>
          <rvXMLfilename>R8_C14Hopper_BNSF01.xml</rvXMLfilename>
          <unitType>US_Freightcar</unitType>
          <currentRoutePrefix>
            <int>100</int>
            <int>100</int>
          </currentRoutePrefix>
          <currentTrackSectionIndex>
            <int>5586</int>
            <int>5586</int>
          </currentTrackSectionIndex>
          <startNodeIndex>
            <int>0</int>
            <int>0</int>
          </startNodeIndex>
          <distanceTravelledInMeters>
            <float>147.072372</float>
            <float>161.537384</float>
          </distanceTravelledInMeters>
          <reverseDirection>
            <boolean>true</boolean>
            <boolean>true</boolean>
          </reverseDirection>
          <loadWeightUSTons>112.5</loadWeightUSTons>
          <destinationTag>SBD CAR</destinationTag>
          <unitNumber>318732</unitNumber>
        </RailVehicleStateClass>
        <RailVehicleStateClass>
          <rvXMLfilename>R8_C14Hopper_BNSF02.xml</rvXMLfilename>
          <unitType>US_Freightcar</unitType>
          <currentRoutePrefix>
            <int>100</int>
            <int>100</int>
          </currentRoutePrefix>
          <currentTrackSectionIndex>
            <int>5586</int>
            <int>5586</int>
          </currentTrackSectionIndex>
          <startNodeIndex>
            <int>0</int>
            <int>0</int>
          </startNodeIndex>
          <distanceTravelledInMeters>
            <float>165.482376</float>
            <float>179.947372</float>
          </distanceTravelledInMeters>
          <reverseDirection>
            <boolean>true</boolean>
            <boolean>true</boolean>
          </reverseDirection>
          <loadWeightUSTons>112.5</loadWeightUSTons>
          <destinationTag>SBD CAR</destinationTag>
          <unitNumber>417168</unitNumber>
        </RailVehicleStateClass>
        <RailVehicleStateClass>
          <rvXMLfilename>R8_C14Hopper_BNSF01.xml</rvXMLfilename>
          <unitType>US_Freightcar</unitType>
          <currentRoutePrefix>
            <int>100</int>
            <int>100</int>
          </currentRoutePrefix>
          <currentTrackSectionIndex>
            <int>5586</int>
            <int>5586</int>
          </currentTrackSectionIndex>
          <startNodeIndex>
            <int>0</int>
            <int>0</int>
          </startNodeIndex>
          <distanceTravelledInMeters>
            <float>183.89238</float>
            <float>198.357376</float>
          </distanceTravelledInMeters>
          <reverseDirection>
            <boolean>true</boolean>
            <boolean>true</boolean>
          </reverseDirection>
          <loadWeightUSTons>112.5</loadWeightUSTons>
          <destinationTag>SBD CAR</destinationTag>
          <unitNumber>575191</unitNumber>
        </RailVehicleStateClass>
        <RailVehicleStateClass>
          <rvXMLfilename>R8_C14Hopper_BN01.xml</rvXMLfilename>
          <unitType>US_Freightcar</unitType>
          <currentRoutePrefix>
            <int>100</int>
            <int>100</int>
          </currentRoutePrefix>
          <currentTrackSectionIndex>
            <int>5586</int>
            <int>5586</int>
          </currentTrackSectionIndex>
          <startNodeIndex>
            <int>0</int>
            <int>0</int>
          </startNodeIndex>
          <distanceTravelledInMeters>
            <float>202.302383</float>
            <float>216.762375</float>
          </distanceTravelledInMeters>
          <reverseDirection>
            <boolean>true</boolean>
            <boolean>true</boolean>
          </reverseDirection>
          <loadWeightUSTons>112.5</loadWeightUSTons>
          <destinationTag>SBD CAR</destinationTag>
          <unitNumber>456352</unitNumber>
        </RailVehicleStateClass>
        <RailVehicleStateClass>
          <rvXMLfilename>R8_C14Hopper_BNSF02.xml</rvXMLfilename>
          <unitType>US_Freightcar</unitType>
          <currentRoutePrefix>
            <int>100</int>
            <int>100</int>
          </currentRoutePrefix>
          <currentTrackSectionIndex>
            <int>5586</int>
            <int>5587</int>
          </currentTrackSectionIndex>
          <startNodeIndex>
            <int>0</int>
            <int>0</int>
          </startNodeIndex>
          <distanceTravelledInMeters>
            <float>220.712372</float>
            <float>5.1773777</float>
          </distanceTravelledInMeters>
          <reverseDirection>
            <boolean>true</boolean>
            <boolean>true</boolean>
          </reverseDirection>
          <loadWeightUSTons>112.5</loadWeightUSTons>
          <destinationTag>SBD CAR</destinationTag>
          <unitNumber>613269</unitNumber>
        </RailVehicleStateClass>
        <RailVehicleStateClass>
          <rvXMLfilename>R8_C14Hopper_BN01.xml</rvXMLfilename>
          <unitType>US_Freightcar</unitType>
          <currentRoutePrefix>
            <int>100</int>
            <int>100</int>
          </currentRoutePrefix>
          <currentTrackSectionIndex>
            <int>5587</int>
            <int>5587</int>
          </currentTrackSectionIndex>
          <startNodeIndex>
            <int>0</int>
            <int>0</int>
          </startNodeIndex>
          <distanceTravelledInMeters>
            <float>9.122377</float>
            <float>23.5823784</float>
          </distanceTravelledInMeters>
          <reverseDirection>
            <boolean>true</boolean>
            <boolean>true</boolean>
          </reverseDirection>
          <loadWeightUSTons>112.5</loadWeightUSTons>
          <destinationTag>SBD CAR</destinationTag>
          <unitNumber>522348</unitNumber>
        </RailVehicleStateClass>
        <RailVehicleStateClass>
          <rvXMLfilename>Run8_ES44DC.xml</rvXMLfilename>
          <unitType>US_DieselEngine</unitType>
          <currentRoutePrefix>
            <int>100</int>
            <int>100</int>
          </currentRoutePrefix>
          <currentTrackSectionIndex>
            <int>5587</int>
            <int>5587</int>
          </currentTrackSectionIndex>
          <startNodeIndex>
            <int>0</int>
            <int>0</int>
          </startNodeIndex>
          <distanceTravelledInMeters>
            <float>29.6723785</float>
            <float>43.78238</float>
          </distanceTravelledInMeters>
          <reverseDirection>
            <boolean>true</boolean>
            <boolean>true</boolean>
          </reverseDirection>
          <loadWeightUSTons>12.985363</loadWeightUSTons>
          <destinationTag>None</destinationTag>
          <unitNumber>7285</unitNumber>
        </RailVehicleStateClass>
        <RailVehicleStateClass>
          <rvXMLfilename>Run8_SD70ACE_BNSF01.xml</rvXMLfilename>
          <unitType>US_DieselEngine</unitType>
          <currentRoutePrefix>
            <int>100</int>
            <int>100</int>
          </currentRoutePrefix>
          <currentTrackSectionIndex>
            <int>5588</int>
            <int>5588</int>
          </currentTrackSectionIndex>
          <startNodeIndex>
            <int>0</int>
            <int>0</int>
          </startNodeIndex>
          <distanceTravelledInMeters>
            <float>6.877378</float>
            <float>21.5973778</float>
          </distanceTravelledInMeters>
          <reverseDirection>
            <boolean>true</boolean>
            <boolean>true</boolean>
          </reverseDirection>
          <loadWeightUSTons>8.293044</loadWeightUSTons>
          <destinationTag>None</destinationTag>
          <unitNumber>9213</unitNumber>
        </RailVehicleStateClass>
      </unitLoaderList>
    </TrainLoader>
  </trainList>
  <flagList />
  <cameraXYZ>
    <X>387.963379</X>
    <Y>861.9364</Y>
    <Z>-851.8406</Z>
  </cameraXYZ>
  <camRotationXYZ>
    <X>-0.01606673</X>
    <Y>-7.106278</Y>
    <Z>0</Z>
  </camRotationXYZ>
  <camTileXZ>
    <x>90</x>
    <z>7</z>
  </camTileXZ>
  <date>2016-12-03T15:49:47.7192199Z</date>
  <saveGameType>Train</saveGameType>
  <signals />
  <switches />
  <description />
  <trackBulletins />
</ScnLoader>