<?xml version="1.0"?>
<ScnLoader xmlns:xsd="http://www.w3.org/2001/XMLSchema" xmlns:xsi="http://www.w3.org/2001/XMLSchema-instance">
  <trainList>
    <TrainLoader>
      <trainID>9999596</trainID>
      <TrainWasAI>false</TrainWasAI>
      <DispatchTrainDirection>0</DispatchTrainDirection>
      <ManuallyAppliedSpeedLimitMPH>2147483647</ManuallyAppliedSpeedLimitMPH>
      <PreviousSignalInstruction>Clear</PreviousSignalInstruction>
      <unitLoaderList>
        <RailVehicleStateClass>
          <rvXMLfilename>R8_SD45-2_ATSF01.xml</rvXMLfilename>
          <unitType>US_DieselEngine</unitType>
          <currentRoutePrefix>
            <int>100</int>
            <int>100</int>
          </currentRoutePrefix>
          <currentTrackSectionIndex>
            <int>5551</int>
            <int>5551</int>
          </currentTrackSectionIndex>
          <startNodeIndex>
            <int>0</int>
            <int>0</int>
          </startNodeIndex>
          <distanceTravelledInMeters>
            <float>1.02</float>
            <float>14.225</float>
          </distanceTravelledInMeters>
          <reverseDirection>
            <boolean>true</boolean>
            <boolean>true</boolean>
          </reverseDirection>
          <loadWeightUSTons>12.5217295</loadWeightUSTons>
          <destinationTag>R-CAL0317-Kings Park East</destinationTag>
          <unitNumber>5832</unitNumber>
          <hazmatPlacardIndex>0</hazmatPlacardIndex>
        </RailVehicleStateClass>
        <RailVehicleStateClass>
          <rvXMLfilename>R8_SD45-2_BNSF02.xml</rvXMLfilename>
          <unitType>US_DieselEngine</unitType>
          <currentRoutePrefix>
            <int>100</int>
            <int>100</int>
          </currentRoutePrefix>
          <currentTrackSectionIndex>
            <int>5552</int>
            <int>5552</int>
          </currentTrackSectionIndex>
          <startNodeIndex>
            <int>0</int>
            <int>0</int>
          </startNodeIndex>
          <distanceTravelledInMeters>
            <float>15.275</float>
            <float>2.07</float>
          </distanceTravelledInMeters>
          <reverseDirection>
            <boolean>false</boolean>
            <boolean>false</boolean>
          </reverseDirection>
          <loadWeightUSTons>5.469924</loadWeightUSTons>
          <destinationTag>None</destinationTag>
          <unitNumber>6456</unitNumber>
          <hazmatPlacardIndex>0</hazmatPlacardIndex>
        </RailVehicleStateClass>
        <RailVehicleStateClass>
          <rvXMLfilename>R8_C14Hopper_UP01.xml</rvXMLfilename>
          <unitType>US_Freightcar</unitType>
          <currentRoutePrefix>
            <int>100</int>
            <int>100</int>
          </currentRoutePrefix>
          <currentTrackSectionIndex>
            <int>5553</int>
            <int>5553</int>
          </currentTrackSectionIndex>
          <startNodeIndex>
            <int>0</int>
            <int>0</int>
          </startNodeIndex>
          <distanceTravelledInMeters>
            <float>1.17</float>
            <float>15.63</float>
          </distanceTravelledInMeters>
          <reverseDirection>
            <boolean>true</boolean>
            <boolean>true</boolean>
          </reverseDirection>
          <loadWeightUSTons>112.5</loadWeightUSTons>
          <destinationTag>CNC</destinationTag>
          <unitNumber>328770</unitNumber>
          <hazmatPlacardIndex>0</hazmatPlacardIndex>
        </RailVehicleStateClass>
        <RailVehicleStateClass>
          <rvXMLfilename>R8_C14Hopper_UP02.xml</rvXMLfilename>
          <unitType>US_Freightcar</unitType>
          <currentRoutePrefix>
            <int>100</int>
            <int>100</int>
          </currentRoutePrefix>
          <currentTrackSectionIndex>
            <int>5553</int>
            <int>5553</int>
          </currentTrackSectionIndex>
          <startNodeIndex>
            <int>0</int>
            <int>0</int>
          </startNodeIndex>
          <distanceTravelledInMeters>
            <float>19.58</float>
            <float>34.04</float>
          </distanceTravelledInMeters>
          <reverseDirection>
            <boolean>true</boolean>
            <boolean>true</boolean>
          </reverseDirection>
          <loadWeightUSTons>112.5</loadWeightUSTons>
          <destinationTag>CNC</destinationTag>
          <unitNumber>361879</unitNumber>
          <hazmatPlacardIndex>0</hazmatPlacardIndex>
        </RailVehicleStateClass>
        <RailVehicleStateClass>
          <rvXMLfilename>R8_C14Hopper_UP01.xml</rvXMLfilename>
          <unitType>US_Freightcar</unitType>
          <currentRoutePrefix>
            <int>100</int>
            <int>100</int>
          </currentRoutePrefix>
          <currentTrackSectionIndex>
            <int>5553</int>
            <int>5553</int>
          </currentTrackSectionIndex>
          <startNodeIndex>
            <int>0</int>
            <int>0</int>
          </startNodeIndex>
          <distanceTravelledInMeters>
            <float>37.985</float>
            <float>52.445</float>
          </distanceTravelledInMeters>
          <reverseDirection>
            <boolean>true</boolean>
            <boolean>true</boolean>
          </reverseDirection>
          <loadWeightUSTons>112.5</loadWeightUSTons>
          <destinationTag>CNC</destinationTag>
          <unitNumber>976934</unitNumber>
          <hazmatPlacardIndex>0</hazmatPlacardIndex>
        </RailVehicleStateClass>
        <RailVehicleStateClass>
          <rvXMLfilename>R8_C14Hopper_CPR02.xml</rvXMLfilename>
          <unitType>US_Freightcar</unitType>
          <currentRoutePrefix>
            <int>100</int>
            <int>100</int>
          </currentRoutePrefix>
          <currentTrackSectionIndex>
            <int>5553</int>
            <int>5553</int>
          </currentTrackSectionIndex>
          <startNodeIndex>
            <int>0</int>
            <int>0</int>
          </startNodeIndex>
          <distanceTravelledInMeters>
            <float>56.39</float>
            <float>70.855</float>
          </distanceTravelledInMeters>
          <reverseDirection>
            <boolean>true</boolean>
            <boolean>true</boolean>
          </reverseDirection>
          <loadWeightUSTons>112.5</loadWeightUSTons>
          <destinationTag>CNC</destinationTag>
          <unitNumber>457678</unitNumber>
          <hazmatPlacardIndex>0</hazmatPlacardIndex>
        </RailVehicleStateClass>
        <RailVehicleStateClass>
          <rvXMLfilename>R8_C14Hopper_CPR02.xml</rvXMLfilename>
          <unitType>US_Freightcar</unitType>
          <currentRoutePrefix>
            <int>100</int>
            <int>100</int>
          </currentRoutePrefix>
          <currentTrackSectionIndex>
            <int>5553</int>
            <int>5553</int>
          </currentTrackSectionIndex>
          <startNodeIndex>
            <int>0</int>
            <int>0</int>
          </startNodeIndex>
          <distanceTravelledInMeters>
            <float>74.8</float>
            <float>89.265</float>
          </distanceTravelledInMeters>
          <reverseDirection>
            <boolean>true</boolean>
            <boolean>true</boolean>
          </reverseDirection>
          <loadWeightUSTons>112.5</loadWeightUSTons>
          <destinationTag>CNC</destinationTag>
          <unitNumber>321935</unitNumber>
          <hazmatPlacardIndex>0</hazmatPlacardIndex>
        </RailVehicleStateClass>
        <RailVehicleStateClass>
          <rvXMLfilename>R8_C14Hopper_UP02.xml</rvXMLfilename>
          <unitType>US_Freightcar</unitType>
          <currentRoutePrefix>
            <int>100</int>
            <int>100</int>
          </currentRoutePrefix>
          <currentTrackSectionIndex>
            <int>5553</int>
            <int>5553</int>
          </currentTrackSectionIndex>
          <startNodeIndex>
            <int>0</int>
            <int>0</int>
          </startNodeIndex>
          <distanceTravelledInMeters>
            <float>93.21</float>
            <float>107.67</float>
          </distanceTravelledInMeters>
          <reverseDirection>
            <boolean>true</boolean>
            <boolean>true</boolean>
          </reverseDirection>
          <loadWeightUSTons>112.5</loadWeightUSTons>
          <destinationTag>CNC</destinationTag>
          <unitNumber>341467</unitNumber>
          <hazmatPlacardIndex>0</hazmatPlacardIndex>
        </RailVehicleStateClass>
        <RailVehicleStateClass>
          <rvXMLfilename>R8_C14Hopper_CPR02.xml</rvXMLfilename>
          <unitType>US_Freightcar</unitType>
          <currentRoutePrefix>
            <int>100</int>
            <int>100</int>
          </currentRoutePrefix>
          <currentTrackSectionIndex>
            <int>5553</int>
            <int>5553</int>
          </currentTrackSectionIndex>
          <startNodeIndex>
            <int>0</int>
            <int>0</int>
          </startNodeIndex>
          <distanceTravelledInMeters>
            <float>111.615</float>
            <float>126.08</float>
          </distanceTravelledInMeters>
          <reverseDirection>
            <boolean>true</boolean>
            <boolean>true</boolean>
          </reverseDirection>
          <loadWeightUSTons>112.5</loadWeightUSTons>
          <destinationTag>CNC</destinationTag>
          <unitNumber>482855</unitNumber>
          <hazmatPlacardIndex>0</hazmatPlacardIndex>
        </RailVehicleStateClass>
        <RailVehicleStateClass>
          <rvXMLfilename>R8_C14Hopper_CPR02.xml</rvXMLfilename>
          <unitType>US_Freightcar</unitType>
          <currentRoutePrefix>
            <int>100</int>
            <int>100</int>
          </currentRoutePrefix>
          <currentTrackSectionIndex>
            <int>5553</int>
            <int>5553</int>
          </currentTrackSectionIndex>
          <startNodeIndex>
            <int>0</int>
            <int>0</int>
          </startNodeIndex>
          <distanceTravelledInMeters>
            <float>130.025</float>
            <float>144.49</float>
          </distanceTravelledInMeters>
          <reverseDirection>
            <boolean>true</boolean>
            <boolean>true</boolean>
          </reverseDirection>
          <loadWeightUSTons>112.5</loadWeightUSTons>
          <destinationTag>CNC</destinationTag>
          <unitNumber>245373</unitNumber>
          <hazmatPlacardIndex>0</hazmatPlacardIndex>
        </RailVehicleStateClass>
        <RailVehicleStateClass>
          <rvXMLfilename>R8_Boxcar_50ft_PlateF_BNSF01.xml</rvXMLfilename>
          <unitType>US_Freightcar</unitType>
          <currentRoutePrefix>
            <int>100</int>
            <int>100</int>
          </currentRoutePrefix>
          <currentTrackSectionIndex>
            <int>5553</int>
            <int>5553</int>
          </currentTrackSectionIndex>
          <startNodeIndex>
            <int>0</int>
            <int>0</int>
          </startNodeIndex>
          <distanceTravelledInMeters>
            <float>148.905</float>
            <float>160.655</float>
          </distanceTravelledInMeters>
          <reverseDirection>
            <boolean>true</boolean>
            <boolean>true</boolean>
          </reverseDirection>
          <loadWeightUSTons>0</loadWeightUSTons>
          <destinationTag>JGW</destinationTag>
          <unitNumber>365501</unitNumber>
          <hazmatPlacardIndex>0</hazmatPlacardIndex>
        </RailVehicleStateClass>
        <RailVehicleStateClass>
          <rvXMLfilename>R8_Boxcar_50ft_PlateF_BNSF02.xml</rvXMLfilename>
          <unitType>US_Freightcar</unitType>
          <currentRoutePrefix>
            <int>100</int>
            <int>100</int>
          </currentRoutePrefix>
          <currentTrackSectionIndex>
            <int>5553</int>
            <int>5553</int>
          </currentTrackSectionIndex>
          <startNodeIndex>
            <int>0</int>
            <int>0</int>
          </startNodeIndex>
          <distanceTravelledInMeters>
            <float>165.535</float>
            <float>177.29</float>
          </distanceTravelledInMeters>
          <reverseDirection>
            <boolean>true</boolean>
            <boolean>true</boolean>
          </reverseDirection>
          <loadWeightUSTons>0</loadWeightUSTons>
          <destinationTag>JGW</destinationTag>
          <unitNumber>284943</unitNumber>
          <hazmatPlacardIndex>0</hazmatPlacardIndex>
        </RailVehicleStateClass>
        <RailVehicleStateClass>
          <rvXMLfilename>R8_Boxcar_50ft_PlateF_CAT01.xml</rvXMLfilename>
          <unitType>US_Freightcar</unitType>
          <currentRoutePrefix>
            <int>100</int>
            <int>100</int>
          </currentRoutePrefix>
          <currentTrackSectionIndex>
            <int>5553</int>
            <int>5553</int>
          </currentTrackSectionIndex>
          <startNodeIndex>
            <int>0</int>
            <int>0</int>
          </startNodeIndex>
          <distanceTravelledInMeters>
            <float>182.165</float>
            <float>193.92</float>
          </distanceTravelledInMeters>
          <reverseDirection>
            <boolean>true</boolean>
            <boolean>true</boolean>
          </reverseDirection>
          <loadWeightUSTons>0</loadWeightUSTons>
          <destinationTag>JGW</destinationTag>
          <unitNumber>893051</unitNumber>
          <hazmatPlacardIndex>0</hazmatPlacardIndex>
        </RailVehicleStateClass>
        <RailVehicleStateClass>
          <rvXMLfilename>R8_Boxcar_50ft_PlateF_CR01.xml</rvXMLfilename>
          <unitType>US_Freightcar</unitType>
          <currentRoutePrefix>
            <int>100</int>
            <int>100</int>
          </currentRoutePrefix>
          <currentTrackSectionIndex>
            <int>5553</int>
            <int>5553</int>
          </currentTrackSectionIndex>
          <startNodeIndex>
            <int>0</int>
            <int>0</int>
          </startNodeIndex>
          <distanceTravelledInMeters>
            <float>198.8</float>
            <float>210.55</float>
          </distanceTravelledInMeters>
          <reverseDirection>
            <boolean>true</boolean>
            <boolean>true</boolean>
          </reverseDirection>
          <loadWeightUSTons>0</loadWeightUSTons>
          <destinationTag>JGW</destinationTag>
          <unitNumber>810137</unitNumber>
          <hazmatPlacardIndex>0</hazmatPlacardIndex>
        </RailVehicleStateClass>
        <RailVehicleStateClass>
          <rvXMLfilename>R8_Boxcar_50ft_PlateF_BNSF02.xml</rvXMLfilename>
          <unitType>US_Freightcar</unitType>
          <currentRoutePrefix>
            <int>100</int>
            <int>100</int>
          </currentRoutePrefix>
          <currentTrackSectionIndex>
            <int>5553</int>
            <int>5553</int>
          </currentTrackSectionIndex>
          <startNodeIndex>
            <int>0</int>
            <int>0</int>
          </startNodeIndex>
          <distanceTravelledInMeters>
            <float>215.43</float>
            <float>227.18</float>
          </distanceTravelledInMeters>
          <reverseDirection>
            <boolean>true</boolean>
            <boolean>true</boolean>
          </reverseDirection>
          <loadWeightUSTons>0</loadWeightUSTons>
          <destinationTag>JGW</destinationTag>
          <unitNumber>368558</unitNumber>
          <hazmatPlacardIndex>0</hazmatPlacardIndex>
        </RailVehicleStateClass>
        <RailVehicleStateClass>
          <rvXMLfilename>R8_Boxcar_50ft_PlateF_BNSF02.xml</rvXMLfilename>
          <unitType>US_Freightcar</unitType>
          <currentRoutePrefix>
            <int>100</int>
            <int>100</int>
          </currentRoutePrefix>
          <currentTrackSectionIndex>
            <int>5553</int>
            <int>5553</int>
          </currentTrackSectionIndex>
          <startNodeIndex>
            <int>0</int>
            <int>0</int>
          </startNodeIndex>
          <distanceTravelledInMeters>
            <float>232.05</float>
            <float>243.805</float>
          </distanceTravelledInMeters>
          <reverseDirection>
            <boolean>true</boolean>
            <boolean>true</boolean>
          </reverseDirection>
          <loadWeightUSTons>0</loadWeightUSTons>
          <destinationTag>JGW</destinationTag>
          <unitNumber>685940</unitNumber>
          <hazmatPlacardIndex>0</hazmatPlacardIndex>
        </RailVehicleStateClass>
        <RailVehicleStateClass>
          <rvXMLfilename>R8_Boxcar_FMC5347_RBOX01.xml</rvXMLfilename>
          <unitType>US_Freightcar</unitType>
          <currentRoutePrefix>
            <int>100</int>
            <int>100</int>
          </currentRoutePrefix>
          <currentTrackSectionIndex>
            <int>5553</int>
            <int>5553</int>
          </currentTrackSectionIndex>
          <startNodeIndex>
            <int>0</int>
            <int>0</int>
          </startNodeIndex>
          <distanceTravelledInMeters>
            <float>248.64</float>
            <float>261.275</float>
          </distanceTravelledInMeters>
          <reverseDirection>
            <boolean>true</boolean>
            <boolean>true</boolean>
          </reverseDirection>
          <loadWeightUSTons>0</loadWeightUSTons>
          <destinationTag>JGW</destinationTag>
          <unitNumber>941570</unitNumber>
          <hazmatPlacardIndex>0</hazmatPlacardIndex>
        </RailVehicleStateClass>
        <RailVehicleStateClass>
          <rvXMLfilename>R8_Boxcar_50ft_PlateF_CAT01.xml</rvXMLfilename>
          <unitType>US_Freightcar</unitType>
          <currentRoutePrefix>
            <int>100</int>
            <int>100</int>
          </currentRoutePrefix>
          <currentTrackSectionIndex>
            <int>5553</int>
            <int>5554</int>
          </currentTrackSectionIndex>
          <startNodeIndex>
            <int>0</int>
            <int>0</int>
          </startNodeIndex>
          <distanceTravelledInMeters>
            <float>266.11</float>
            <float>7.865</float>
          </distanceTravelledInMeters>
          <reverseDirection>
            <boolean>true</boolean>
            <boolean>true</boolean>
          </reverseDirection>
          <loadWeightUSTons>0</loadWeightUSTons>
          <destinationTag>JGW</destinationTag>
          <unitNumber>610873</unitNumber>
          <hazmatPlacardIndex>0</hazmatPlacardIndex>
        </RailVehicleStateClass>
        <RailVehicleStateClass>
          <rvXMLfilename>R8_C14Hopper_BNSF01.xml</rvXMLfilename>
          <unitType>US_Freightcar</unitType>
          <currentRoutePrefix>
            <int>100</int>
            <int>100</int>
          </currentRoutePrefix>
          <currentTrackSectionIndex>
            <int>5554</int>
            <int>5554</int>
          </currentTrackSectionIndex>
          <startNodeIndex>
            <int>0</int>
            <int>0</int>
          </startNodeIndex>
          <distanceTravelledInMeters>
            <float>12.275</float>
            <float>26.735</float>
          </distanceTravelledInMeters>
          <reverseDirection>
            <boolean>true</boolean>
            <boolean>true</boolean>
          </reverseDirection>
          <loadWeightUSTons>112.5</loadWeightUSTons>
          <destinationTag>JGE</destinationTag>
          <unitNumber>722926</unitNumber>
          <hazmatPlacardIndex>0</hazmatPlacardIndex>
        </RailVehicleStateClass>
        <RailVehicleStateClass>
          <rvXMLfilename>R8_C14Hopper_BN01.xml</rvXMLfilename>
          <unitType>US_Freightcar</unitType>
          <currentRoutePrefix>
            <int>100</int>
            <int>100</int>
          </currentRoutePrefix>
          <currentTrackSectionIndex>
            <int>5554</int>
            <int>5554</int>
          </currentTrackSectionIndex>
          <startNodeIndex>
            <int>0</int>
            <int>0</int>
          </startNodeIndex>
          <distanceTravelledInMeters>
            <float>30.685</float>
            <float>45.145</float>
          </distanceTravelledInMeters>
          <reverseDirection>
            <boolean>true</boolean>
            <boolean>true</boolean>
          </reverseDirection>
          <loadWeightUSTons>112.5</loadWeightUSTons>
          <destinationTag>JGE</destinationTag>
          <unitNumber>982987</unitNumber>
          <hazmatPlacardIndex>0</hazmatPlacardIndex>
        </RailVehicleStateClass>
        <RailVehicleStateClass>
          <rvXMLfilename>R8_C14Hopper_BNSF01.xml</rvXMLfilename>
          <unitType>US_Freightcar</unitType>
          <currentRoutePrefix>
            <int>100</int>
            <int>100</int>
          </currentRoutePrefix>
          <currentTrackSectionIndex>
            <int>5554</int>
            <int>5554</int>
          </currentTrackSectionIndex>
          <startNodeIndex>
            <int>0</int>
            <int>0</int>
          </startNodeIndex>
          <distanceTravelledInMeters>
            <float>49.095</float>
            <float>63.555</float>
          </distanceTravelledInMeters>
          <reverseDirection>
            <boolean>true</boolean>
            <boolean>true</boolean>
          </reverseDirection>
          <loadWeightUSTons>112.5</loadWeightUSTons>
          <destinationTag>JGE</destinationTag>
          <unitNumber>316926</unitNumber>
          <hazmatPlacardIndex>0</hazmatPlacardIndex>
        </RailVehicleStateClass>
        <RailVehicleStateClass>
          <rvXMLfilename>R8_C14Hopper_BNSF01.xml</rvXMLfilename>
          <unitType>US_Freightcar</unitType>
          <currentRoutePrefix>
            <int>100</int>
            <int>100</int>
          </currentRoutePrefix>
          <currentTrackSectionIndex>
            <int>5554</int>
            <int>5554</int>
          </currentTrackSectionIndex>
          <startNodeIndex>
            <int>0</int>
            <int>0</int>
          </startNodeIndex>
          <distanceTravelledInMeters>
            <float>67.5</float>
            <float>81.965</float>
          </distanceTravelledInMeters>
          <reverseDirection>
            <boolean>true</boolean>
            <boolean>true</boolean>
          </reverseDirection>
          <loadWeightUSTons>112.5</loadWeightUSTons>
          <destinationTag>JGE</destinationTag>
          <unitNumber>847799</unitNumber>
          <hazmatPlacardIndex>0</hazmatPlacardIndex>
        </RailVehicleStateClass>
        <RailVehicleStateClass>
          <rvXMLfilename>R8_C14Hopper_BNSF02.xml</rvXMLfilename>
          <unitType>US_Freightcar</unitType>
          <currentRoutePrefix>
            <int>100</int>
            <int>100</int>
          </currentRoutePrefix>
          <currentTrackSectionIndex>
            <int>5554</int>
            <int>5554</int>
          </currentTrackSectionIndex>
          <startNodeIndex>
            <int>0</int>
            <int>0</int>
          </startNodeIndex>
          <distanceTravelledInMeters>
            <float>85.91</float>
            <float>100.375</float>
          </distanceTravelledInMeters>
          <reverseDirection>
            <boolean>true</boolean>
            <boolean>true</boolean>
          </reverseDirection>
          <loadWeightUSTons>112.5</loadWeightUSTons>
          <destinationTag>JGE</destinationTag>
          <unitNumber>886413</unitNumber>
          <hazmatPlacardIndex>0</hazmatPlacardIndex>
        </RailVehicleStateClass>
        <RailVehicleStateClass>
          <rvXMLfilename>R8_C14Hopper_BNSF01.xml</rvXMLfilename>
          <unitType>US_Freightcar</unitType>
          <currentRoutePrefix>
            <int>100</int>
            <int>100</int>
          </currentRoutePrefix>
          <currentTrackSectionIndex>
            <int>5554</int>
            <int>5554</int>
          </currentTrackSectionIndex>
          <startNodeIndex>
            <int>0</int>
            <int>0</int>
          </startNodeIndex>
          <distanceTravelledInMeters>
            <float>104.32</float>
            <float>118.785</float>
          </distanceTravelledInMeters>
          <reverseDirection>
            <boolean>true</boolean>
            <boolean>true</boolean>
          </reverseDirection>
          <loadWeightUSTons>112.5</loadWeightUSTons>
          <destinationTag>JGE</destinationTag>
          <unitNumber>916464</unitNumber>
          <hazmatPlacardIndex>0</hazmatPlacardIndex>
        </RailVehicleStateClass>
        <RailVehicleStateClass>
          <rvXMLfilename>R8_C14Hopper_BN01.xml</rvXMLfilename>
          <unitType>US_Freightcar</unitType>
          <currentRoutePrefix>
            <int>100</int>
            <int>100</int>
          </currentRoutePrefix>
          <currentTrackSectionIndex>
            <int>5554</int>
            <int>5554</int>
          </currentTrackSectionIndex>
          <startNodeIndex>
            <int>0</int>
            <int>0</int>
          </startNodeIndex>
          <distanceTravelledInMeters>
            <float>122.73</float>
            <float>137.195</float>
          </distanceTravelledInMeters>
          <reverseDirection>
            <boolean>true</boolean>
            <boolean>true</boolean>
          </reverseDirection>
          <loadWeightUSTons>112.5</loadWeightUSTons>
          <destinationTag>JGE</destinationTag>
          <unitNumber>139678</unitNumber>
          <hazmatPlacardIndex>0</hazmatPlacardIndex>
        </RailVehicleStateClass>
        <RailVehicleStateClass>
          <rvXMLfilename>R8_C14Hopper_BNSF02.xml</rvXMLfilename>
          <unitType>US_Freightcar</unitType>
          <currentRoutePrefix>
            <int>100</int>
            <int>100</int>
          </currentRoutePrefix>
          <currentTrackSectionIndex>
            <int>5554</int>
            <int>5554</int>
          </currentTrackSectionIndex>
          <startNodeIndex>
            <int>0</int>
            <int>0</int>
          </startNodeIndex>
          <distanceTravelledInMeters>
            <float>141.14</float>
            <float>155.605</float>
          </distanceTravelledInMeters>
          <reverseDirection>
            <boolean>true</boolean>
            <boolean>true</boolean>
          </reverseDirection>
          <loadWeightUSTons>112.5</loadWeightUSTons>
          <destinationTag>JGE</destinationTag>
          <unitNumber>234319</unitNumber>
          <hazmatPlacardIndex>0</hazmatPlacardIndex>
        </RailVehicleStateClass>
        <RailVehicleStateClass>
          <rvXMLfilename>R8_C14Hopper_BNSF01.xml</rvXMLfilename>
          <unitType>US_Freightcar</unitType>
          <currentRoutePrefix>
            <int>100</int>
            <int>100</int>
          </currentRoutePrefix>
          <currentTrackSectionIndex>
            <int>5554</int>
            <int>5554</int>
          </currentTrackSectionIndex>
          <startNodeIndex>
            <int>0</int>
            <int>0</int>
          </startNodeIndex>
          <distanceTravelledInMeters>
            <float>159.555</float>
            <float>174.015</float>
          </distanceTravelledInMeters>
          <reverseDirection>
            <boolean>true</boolean>
            <boolean>true</boolean>
          </reverseDirection>
          <loadWeightUSTons>112.5</loadWeightUSTons>
          <destinationTag>JGE</destinationTag>
          <unitNumber>229658</unitNumber>
          <hazmatPlacardIndex>0</hazmatPlacardIndex>
        </RailVehicleStateClass>
        <RailVehicleStateClass>
          <rvXMLfilename>R8_C14Hopper_BNSF02.xml</rvXMLfilename>
          <unitType>US_Freightcar</unitType>
          <currentRoutePrefix>
            <int>100</int>
            <int>100</int>
          </currentRoutePrefix>
          <currentTrackSectionIndex>
            <int>5554</int>
            <int>5554</int>
          </currentTrackSectionIndex>
          <startNodeIndex>
            <int>0</int>
            <int>0</int>
          </startNodeIndex>
          <distanceTravelledInMeters>
            <float>177.965</float>
            <float>192.425</float>
          </distanceTravelledInMeters>
          <reverseDirection>
            <boolean>true</boolean>
            <boolean>true</boolean>
          </reverseDirection>
          <loadWeightUSTons>112.5</loadWeightUSTons>
          <destinationTag>JGE</destinationTag>
          <unitNumber>643490</unitNumber>
          <hazmatPlacardIndex>0</hazmatPlacardIndex>
        </RailVehicleStateClass>
        <RailVehicleStateClass>
          <rvXMLfilename>R8_C14Hopper_BN01.xml</rvXMLfilename>
          <unitType>US_Freightcar</unitType>
          <currentRoutePrefix>
            <int>100</int>
            <int>100</int>
          </currentRoutePrefix>
          <currentTrackSectionIndex>
            <int>5554</int>
            <int>5554</int>
          </currentTrackSectionIndex>
          <startNodeIndex>
            <int>0</int>
            <int>0</int>
          </startNodeIndex>
          <distanceTravelledInMeters>
            <float>196.375</float>
            <float>210.835</float>
          </distanceTravelledInMeters>
          <reverseDirection>
            <boolean>true</boolean>
            <boolean>true</boolean>
          </reverseDirection>
          <loadWeightUSTons>112.5</loadWeightUSTons>
          <destinationTag>JGE</destinationTag>
          <unitNumber>436134</unitNumber>
          <hazmatPlacardIndex>0</hazmatPlacardIndex>
        </RailVehicleStateClass>
        <RailVehicleStateClass>
          <rvXMLfilename>R8_C14Hopper_BNSF01.xml</rvXMLfilename>
          <unitType>US_Freightcar</unitType>
          <currentRoutePrefix>
            <int>100</int>
            <int>100</int>
          </currentRoutePrefix>
          <currentTrackSectionIndex>
            <int>5554</int>
            <int>5554</int>
          </currentTrackSectionIndex>
          <startNodeIndex>
            <int>0</int>
            <int>0</int>
          </startNodeIndex>
          <distanceTravelledInMeters>
            <float>214.785</float>
            <float>229.245</float>
          </distanceTravelledInMeters>
          <reverseDirection>
            <boolean>true</boolean>
            <boolean>true</boolean>
          </reverseDirection>
          <loadWeightUSTons>112.5</loadWeightUSTons>
          <destinationTag>JGE</destinationTag>
          <unitNumber>456681</unitNumber>
          <hazmatPlacardIndex>0</hazmatPlacardIndex>
        </RailVehicleStateClass>
        <RailVehicleStateClass>
          <rvXMLfilename>R8_C14Hopper_BNSF01.xml</rvXMLfilename>
          <unitType>US_Freightcar</unitType>
          <currentRoutePrefix>
            <int>100</int>
            <int>100</int>
          </currentRoutePrefix>
          <currentTrackSectionIndex>
            <int>5554</int>
            <int>5554</int>
          </currentTrackSectionIndex>
          <startNodeIndex>
            <int>0</int>
            <int>0</int>
          </startNodeIndex>
          <distanceTravelledInMeters>
            <float>233.195</float>
            <float>247.655</float>
          </distanceTravelledInMeters>
          <reverseDirection>
            <boolean>true</boolean>
            <boolean>true</boolean>
          </reverseDirection>
          <loadWeightUSTons>112.5</loadWeightUSTons>
          <destinationTag>JGE</destinationTag>
          <unitNumber>386576</unitNumber>
          <hazmatPlacardIndex>0</hazmatPlacardIndex>
        </RailVehicleStateClass>
        <RailVehicleStateClass>
          <rvXMLfilename>R8_C14Hopper_BNSF02.xml</rvXMLfilename>
          <unitType>US_Freightcar</unitType>
          <currentRoutePrefix>
            <int>100</int>
            <int>100</int>
          </currentRoutePrefix>
          <currentTrackSectionIndex>
            <int>5554</int>
            <int>5554</int>
          </currentTrackSectionIndex>
          <startNodeIndex>
            <int>0</int>
            <int>0</int>
          </startNodeIndex>
          <distanceTravelledInMeters>
            <float>251.605</float>
            <float>266.065</float>
          </distanceTravelledInMeters>
          <reverseDirection>
            <boolean>true</boolean>
            <boolean>true</boolean>
          </reverseDirection>
          <loadWeightUSTons>112.5</loadWeightUSTons>
          <destinationTag>JGE</destinationTag>
          <unitNumber>913025</unitNumber>
          <hazmatPlacardIndex>0</hazmatPlacardIndex>
        </RailVehicleStateClass>
        <RailVehicleStateClass>
          <rvXMLfilename>R8_C14Hopper_BNSF02.xml</rvXMLfilename>
          <unitType>US_Freightcar</unitType>
          <currentRoutePrefix>
            <int>100</int>
            <int>100</int>
          </currentRoutePrefix>
          <currentTrackSectionIndex>
            <int>5555</int>
            <int>5555</int>
          </currentTrackSectionIndex>
          <startNodeIndex>
            <int>0</int>
            <int>0</int>
          </startNodeIndex>
          <distanceTravelledInMeters>
            <float>0.015</float>
            <float>14.475</float>
          </distanceTravelledInMeters>
          <reverseDirection>
            <boolean>true</boolean>
            <boolean>true</boolean>
          </reverseDirection>
          <loadWeightUSTons>112.5</loadWeightUSTons>
          <destinationTag>JGE</destinationTag>
          <unitNumber>434184</unitNumber>
          <hazmatPlacardIndex>0</hazmatPlacardIndex>
        </RailVehicleStateClass>
        <RailVehicleStateClass>
          <rvXMLfilename>R8_C14Hopper_BNSF02.xml</rvXMLfilename>
          <unitType>US_Freightcar</unitType>
          <currentRoutePrefix>
            <int>100</int>
            <int>100</int>
          </currentRoutePrefix>
          <currentTrackSectionIndex>
            <int>5555</int>
            <int>5556</int>
          </currentTrackSectionIndex>
          <startNodeIndex>
            <int>0</int>
            <int>0</int>
          </startNodeIndex>
          <distanceTravelledInMeters>
            <float>18.415</float>
            <float>12.88</float>
          </distanceTravelledInMeters>
          <reverseDirection>
            <boolean>true</boolean>
            <boolean>true</boolean>
          </reverseDirection>
          <loadWeightUSTons>112.5</loadWeightUSTons>
          <destinationTag>JGE</destinationTag>
          <unitNumber>201706</unitNumber>
          <hazmatPlacardIndex>0</hazmatPlacardIndex>
        </RailVehicleStateClass>
        <RailVehicleStateClass>
          <rvXMLfilename>R8_C14Hopper_BNSF01.xml</rvXMLfilename>
          <unitType>US_Freightcar</unitType>
          <currentRoutePrefix>
            <int>100</int>
            <int>100</int>
          </currentRoutePrefix>
          <currentTrackSectionIndex>
            <int>5556</int>
            <int>5571</int>
          </currentTrackSectionIndex>
          <startNodeIndex>
            <int>0</int>
            <int>0</int>
          </startNodeIndex>
          <distanceTravelledInMeters>
            <float>16.83</float>
            <float>11.295</float>
          </distanceTravelledInMeters>
          <reverseDirection>
            <boolean>true</boolean>
            <boolean>true</boolean>
          </reverseDirection>
          <loadWeightUSTons>112.5</loadWeightUSTons>
          <destinationTag>JGE</destinationTag>
          <unitNumber>138950</unitNumber>
          <hazmatPlacardIndex>0</hazmatPlacardIndex>
        </RailVehicleStateClass>
        <RailVehicleStateClass>
          <rvXMLfilename>R8_C14Hopper_BNSF01.xml</rvXMLfilename>
          <unitType>US_Freightcar</unitType>
          <currentRoutePrefix>
            <int>100</int>
            <int>100</int>
          </currentRoutePrefix>
          <currentTrackSectionIndex>
            <int>5571</int>
            <int>5572</int>
          </currentTrackSectionIndex>
          <startNodeIndex>
            <int>0</int>
            <int>0</int>
          </startNodeIndex>
          <distanceTravelledInMeters>
            <float>15.24</float>
            <float>9.705</float>
          </distanceTravelledInMeters>
          <reverseDirection>
            <boolean>true</boolean>
            <boolean>true</boolean>
          </reverseDirection>
          <loadWeightUSTons>112.5</loadWeightUSTons>
          <destinationTag>JGE</destinationTag>
          <unitNumber>695447</unitNumber>
          <hazmatPlacardIndex>0</hazmatPlacardIndex>
        </RailVehicleStateClass>
        <RailVehicleStateClass>
          <rvXMLfilename>R8_C14Hopper_BNSF01.xml</rvXMLfilename>
          <unitType>US_Freightcar</unitType>
          <currentRoutePrefix>
            <int>100</int>
            <int>100</int>
          </currentRoutePrefix>
          <currentTrackSectionIndex>
            <int>5572</int>
            <int>5578</int>
          </currentTrackSectionIndex>
          <startNodeIndex>
            <int>0</int>
            <int>0</int>
          </startNodeIndex>
          <distanceTravelledInMeters>
            <float>13.65</float>
            <float>8.115</float>
          </distanceTravelledInMeters>
          <reverseDirection>
            <boolean>true</boolean>
            <boolean>true</boolean>
          </reverseDirection>
          <loadWeightUSTons>112.5</loadWeightUSTons>
          <destinationTag>JGE</destinationTag>
          <unitNumber>347589</unitNumber>
          <hazmatPlacardIndex>0</hazmatPlacardIndex>
        </RailVehicleStateClass>
        <RailVehicleStateClass>
          <rvXMLfilename>R8_C14Hopper_BNSF02.xml</rvXMLfilename>
          <unitType>US_Freightcar</unitType>
          <currentRoutePrefix>
            <int>100</int>
            <int>100</int>
          </currentRoutePrefix>
          <currentTrackSectionIndex>
            <int>5578</int>
            <int>5579</int>
          </currentTrackSectionIndex>
          <startNodeIndex>
            <int>0</int>
            <int>0</int>
          </startNodeIndex>
          <distanceTravelledInMeters>
            <float>12.055</float>
            <float>6.52</float>
          </distanceTravelledInMeters>
          <reverseDirection>
            <boolean>true</boolean>
            <boolean>true</boolean>
          </reverseDirection>
          <loadWeightUSTons>112.5</loadWeightUSTons>
          <destinationTag>JGE</destinationTag>
          <unitNumber>172926</unitNumber>
          <hazmatPlacardIndex>0</hazmatPlacardIndex>
        </RailVehicleStateClass>
        <RailVehicleStateClass>
          <rvXMLfilename>Run8_Tank107FRS01.xml</rvXMLfilename>
          <unitType>US_Freightcar</unitType>
          <currentRoutePrefix>
            <int>100</int>
            <int>100</int>
          </currentRoutePrefix>
          <currentTrackSectionIndex>
            <int>5579</int>
            <int>5579</int>
          </currentTrackSectionIndex>
          <startNodeIndex>
            <int>0</int>
            <int>0</int>
          </startNodeIndex>
          <distanceTravelledInMeters>
            <float>10.58</float>
            <float>24.51</float>
          </distanceTravelledInMeters>
          <reverseDirection>
            <boolean>true</boolean>
            <boolean>true</boolean>
          </reverseDirection>
          <loadWeightUSTons>0</loadWeightUSTons>
          <destinationTag>MVR</destinationTag>
          <unitNumber>118374</unitNumber>
          <hazmatPlacardIndex>0</hazmatPlacardIndex>
        </RailVehicleStateClass>
        <RailVehicleStateClass>
          <rvXMLfilename>Run8_Tank107FRS01.xml</rvXMLfilename>
          <unitType>US_Freightcar</unitType>
          <currentRoutePrefix>
            <int>100</int>
            <int>100</int>
          </currentRoutePrefix>
          <currentTrackSectionIndex>
            <int>5579</int>
            <int>5579</int>
          </currentTrackSectionIndex>
          <startNodeIndex>
            <int>0</int>
            <int>0</int>
          </startNodeIndex>
          <distanceTravelledInMeters>
            <float>28.69</float>
            <float>42.62</float>
          </distanceTravelledInMeters>
          <reverseDirection>
            <boolean>true</boolean>
            <boolean>true</boolean>
          </reverseDirection>
          <loadWeightUSTons>0</loadWeightUSTons>
          <destinationTag>MVR</destinationTag>
          <unitNumber>573887</unitNumber>
          <hazmatPlacardIndex>0</hazmatPlacardIndex>
        </RailVehicleStateClass>
        <RailVehicleStateClass>
          <rvXMLfilename>Run8_Tank107FRS01.xml</rvXMLfilename>
          <unitType>US_Freightcar</unitType>
          <currentRoutePrefix>
            <int>100</int>
            <int>100</int>
          </currentRoutePrefix>
          <currentTrackSectionIndex>
            <int>5579</int>
            <int>5579</int>
          </currentTrackSectionIndex>
          <startNodeIndex>
            <int>0</int>
            <int>0</int>
          </startNodeIndex>
          <distanceTravelledInMeters>
            <float>46.8</float>
            <float>60.73</float>
          </distanceTravelledInMeters>
          <reverseDirection>
            <boolean>true</boolean>
            <boolean>true</boolean>
          </reverseDirection>
          <loadWeightUSTons>0</loadWeightUSTons>
          <destinationTag>MVR</destinationTag>
          <unitNumber>203862</unitNumber>
          <hazmatPlacardIndex>0</hazmatPlacardIndex>
        </RailVehicleStateClass>
        <RailVehicleStateClass>
          <rvXMLfilename>Run8_Tank107UTLXblk.xml</rvXMLfilename>
          <unitType>US_Freightcar</unitType>
          <currentRoutePrefix>
            <int>100</int>
            <int>100</int>
          </currentRoutePrefix>
          <currentTrackSectionIndex>
            <int>5579</int>
            <int>5579</int>
          </currentTrackSectionIndex>
          <startNodeIndex>
            <int>0</int>
            <int>0</int>
          </startNodeIndex>
          <distanceTravelledInMeters>
            <float>64.91</float>
            <float>78.84</float>
          </distanceTravelledInMeters>
          <reverseDirection>
            <boolean>true</boolean>
            <boolean>true</boolean>
          </reverseDirection>
          <loadWeightUSTons>0</loadWeightUSTons>
          <destinationTag>MVR</destinationTag>
          <unitNumber>355418</unitNumber>
          <hazmatPlacardIndex>0</hazmatPlacardIndex>
        </RailVehicleStateClass>
        <RailVehicleStateClass>
          <rvXMLfilename>Run8_Tank107UTLXblk.xml</rvXMLfilename>
          <unitType>US_Freightcar</unitType>
          <currentRoutePrefix>
            <int>100</int>
            <int>100</int>
          </currentRoutePrefix>
          <currentTrackSectionIndex>
            <int>5579</int>
            <int>5579</int>
          </currentTrackSectionIndex>
          <startNodeIndex>
            <int>0</int>
            <int>0</int>
          </startNodeIndex>
          <distanceTravelledInMeters>
            <float>83.02</float>
            <float>96.95</float>
          </distanceTravelledInMeters>
          <reverseDirection>
            <boolean>true</boolean>
            <boolean>true</boolean>
          </reverseDirection>
          <loadWeightUSTons>103.25</loadWeightUSTons>
          <destinationTag>VRN</destinationTag>
          <unitNumber>128814</unitNumber>
          <hazmatPlacardIndex>0</hazmatPlacardIndex>
        </RailVehicleStateClass>
        <RailVehicleStateClass>
          <rvXMLfilename>Run8_Tank105_UTLX.xml</rvXMLfilename>
          <unitType>US_Freightcar</unitType>
          <currentRoutePrefix>
            <int>100</int>
            <int>100</int>
          </currentRoutePrefix>
          <currentTrackSectionIndex>
            <int>5579</int>
            <int>5579</int>
          </currentTrackSectionIndex>
          <startNodeIndex>
            <int>0</int>
            <int>0</int>
          </startNodeIndex>
          <distanceTravelledInMeters>
            <float>101.11</float>
            <float>112.055</float>
          </distanceTravelledInMeters>
          <reverseDirection>
            <boolean>true</boolean>
            <boolean>true</boolean>
          </reverseDirection>
          <loadWeightUSTons>96</loadWeightUSTons>
          <destinationTag>VRN</destinationTag>
          <unitNumber>951529</unitNumber>
          <hazmatPlacardIndex>0</hazmatPlacardIndex>
        </RailVehicleStateClass>
        <RailVehicleStateClass>
          <rvXMLfilename>Run8_Tank105_UTLX.xml</rvXMLfilename>
          <unitType>US_Freightcar</unitType>
          <currentRoutePrefix>
            <int>100</int>
            <int>100</int>
          </currentRoutePrefix>
          <currentTrackSectionIndex>
            <int>5579</int>
            <int>5579</int>
          </currentTrackSectionIndex>
          <startNodeIndex>
            <int>0</int>
            <int>0</int>
          </startNodeIndex>
          <distanceTravelledInMeters>
            <float>116.195</float>
            <float>127.14</float>
          </distanceTravelledInMeters>
          <reverseDirection>
            <boolean>true</boolean>
            <boolean>true</boolean>
          </reverseDirection>
          <loadWeightUSTons>96</loadWeightUSTons>
          <destinationTag>VRN</destinationTag>
          <unitNumber>413883</unitNumber>
          <hazmatPlacardIndex>0</hazmatPlacardIndex>
        </RailVehicleStateClass>
        <RailVehicleStateClass>
          <rvXMLfilename>Run8_Tank105_AGFX.xml</rvXMLfilename>
          <unitType>US_Freightcar</unitType>
          <currentRoutePrefix>
            <int>100</int>
            <int>100</int>
          </currentRoutePrefix>
          <currentTrackSectionIndex>
            <int>5579</int>
            <int>5579</int>
          </currentTrackSectionIndex>
          <startNodeIndex>
            <int>0</int>
            <int>0</int>
          </startNodeIndex>
          <distanceTravelledInMeters>
            <float>131.28</float>
            <float>142.225</float>
          </distanceTravelledInMeters>
          <reverseDirection>
            <boolean>true</boolean>
            <boolean>true</boolean>
          </reverseDirection>
          <loadWeightUSTons>96</loadWeightUSTons>
          <destinationTag>VRN</destinationTag>
          <unitNumber>406489</unitNumber>
          <hazmatPlacardIndex>0</hazmatPlacardIndex>
        </RailVehicleStateClass>
        <RailVehicleStateClass>
          <rvXMLfilename>Run8_Tank107UTLXblk.xml</rvXMLfilename>
          <unitType>US_Freightcar</unitType>
          <currentRoutePrefix>
            <int>100</int>
            <int>100</int>
          </currentRoutePrefix>
          <currentTrackSectionIndex>
            <int>5579</int>
            <int>5579</int>
          </currentTrackSectionIndex>
          <startNodeIndex>
            <int>0</int>
            <int>0</int>
          </startNodeIndex>
          <distanceTravelledInMeters>
            <float>146.385</float>
            <float>160.315</float>
          </distanceTravelledInMeters>
          <reverseDirection>
            <boolean>true</boolean>
            <boolean>true</boolean>
          </reverseDirection>
          <loadWeightUSTons>103.25</loadWeightUSTons>
          <destinationTag>VRN</destinationTag>
          <unitNumber>311635</unitNumber>
          <hazmatPlacardIndex>0</hazmatPlacardIndex>
        </RailVehicleStateClass>
        <RailVehicleStateClass>
          <rvXMLfilename>Run8_Tank107UTLXblk.xml</rvXMLfilename>
          <unitType>US_Freightcar</unitType>
          <currentRoutePrefix>
            <int>100</int>
            <int>100</int>
          </currentRoutePrefix>
          <currentTrackSectionIndex>
            <int>5579</int>
            <int>5579</int>
          </currentTrackSectionIndex>
          <startNodeIndex>
            <int>0</int>
            <int>0</int>
          </startNodeIndex>
          <distanceTravelledInMeters>
            <float>164.495</float>
            <float>178.425</float>
          </distanceTravelledInMeters>
          <reverseDirection>
            <boolean>true</boolean>
            <boolean>true</boolean>
          </reverseDirection>
          <loadWeightUSTons>103.25</loadWeightUSTons>
          <destinationTag>VRN</destinationTag>
          <unitNumber>489556</unitNumber>
          <hazmatPlacardIndex>0</hazmatPlacardIndex>
        </RailVehicleStateClass>
        <RailVehicleStateClass>
          <rvXMLfilename>Run8_Tank107UTLXblk.xml</rvXMLfilename>
          <unitType>US_Freightcar</unitType>
          <currentRoutePrefix>
            <int>100</int>
            <int>100</int>
          </currentRoutePrefix>
          <currentTrackSectionIndex>
            <int>5579</int>
            <int>5579</int>
          </currentTrackSectionIndex>
          <startNodeIndex>
            <int>0</int>
            <int>0</int>
          </startNodeIndex>
          <distanceTravelledInMeters>
            <float>182.605</float>
            <float>196.535</float>
          </distanceTravelledInMeters>
          <reverseDirection>
            <boolean>true</boolean>
            <boolean>true</boolean>
          </reverseDirection>
          <loadWeightUSTons>103.25</loadWeightUSTons>
          <destinationTag>VRN</destinationTag>
          <unitNumber>700293</unitNumber>
          <hazmatPlacardIndex>0</hazmatPlacardIndex>
        </RailVehicleStateClass>
        <RailVehicleStateClass>
          <rvXMLfilename>Run8_Tank105_UTLX.xml</rvXMLfilename>
          <unitType>US_Freightcar</unitType>
          <currentRoutePrefix>
            <int>100</int>
            <int>100</int>
          </currentRoutePrefix>
          <currentTrackSectionIndex>
            <int>5579</int>
            <int>5579</int>
          </currentTrackSectionIndex>
          <startNodeIndex>
            <int>0</int>
            <int>0</int>
          </startNodeIndex>
          <distanceTravelledInMeters>
            <float>200.695</float>
            <float>211.64</float>
          </distanceTravelledInMeters>
          <reverseDirection>
            <boolean>true</boolean>
            <boolean>true</boolean>
          </reverseDirection>
          <loadWeightUSTons>96</loadWeightUSTons>
          <destinationTag>VRN</destinationTag>
          <unitNumber>998802</unitNumber>
          <hazmatPlacardIndex>0</hazmatPlacardIndex>
        </RailVehicleStateClass>
        <RailVehicleStateClass>
          <rvXMLfilename>Run8_Tank105_UTLX.xml</rvXMLfilename>
          <unitType>US_Freightcar</unitType>
          <currentRoutePrefix>
            <int>100</int>
            <int>100</int>
          </currentRoutePrefix>
          <currentTrackSectionIndex>
            <int>5579</int>
            <int>5579</int>
          </currentTrackSectionIndex>
          <startNodeIndex>
            <int>0</int>
            <int>0</int>
          </startNodeIndex>
          <distanceTravelledInMeters>
            <float>215.78</float>
            <float>226.725</float>
          </distanceTravelledInMeters>
          <reverseDirection>
            <boolean>true</boolean>
            <boolean>true</boolean>
          </reverseDirection>
          <loadWeightUSTons>96</loadWeightUSTons>
          <destinationTag>VRN</destinationTag>
          <unitNumber>514472</unitNumber>
          <hazmatPlacardIndex>0</hazmatPlacardIndex>
        </RailVehicleStateClass>
      </unitLoaderList>
    </TrainLoader>
  </trainList>
  <flagList />
  <cameraXYZ>
    <X>363.232635</X>
    <Y>861.8035</Y>
    <Z>-830.8104</Z>
  </cameraXYZ>
  <camRotationXYZ>
    <X>-0.112131469</X>
    <Y>-7.071448</Y>
    <Z>0</Z>
  </camRotationXYZ>
  <camTileXZ>
    <x>90</x>
    <z>7</z>
  </camTileXZ>
  <date>2019-05-18T18:00:21.7808935Z</date>
  <saveGameType>Train</saveGameType>
  <signals />
  <switches />
  <description>Train Save-As</description>
  <trackBulletins />
</ScnLoader>