<?xml version="1.0"?>
<ScnLoader xmlns:xsd="http://www.w3.org/2001/XMLSchema" xmlns:xsi="http://www.w3.org/2001/XMLSchema-instance">
  <trainList>
    <TrainLoader>
      <trainID>275119</trainID>
      <TrainWasAI>false</TrainWasAI>
      <DispatchTrainDirection>0</DispatchTrainDirection>
      <ManuallyAppliedSpeedLimitMPH>2147483647</ManuallyAppliedSpeedLimitMPH>
      <PreviousSignalInstruction>Clear</PreviousSignalInstruction>
      <unitLoaderList>
        <RailVehicleStateClass>
          <rvXMLfilename>R8_GP40-2_SJVR01.xml</rvXMLfilename>
          <unitType>US_DieselEngine</unitType>
          <currentRoutePrefix>
            <int>100</int>
            <int>100</int>
          </currentRoutePrefix>
          <currentTrackSectionIndex>
            <int>5551</int>
            <int>5551</int>
          </currentTrackSectionIndex>
          <startNodeIndex>
            <int>0</int>
            <int>0</int>
          </startNodeIndex>
          <distanceTravelledInMeters>
            <float>0.475</float>
            <float>10.84</float>
          </distanceTravelledInMeters>
          <reverseDirection>
            <boolean>true</boolean>
            <boolean>true</boolean>
          </reverseDirection>
          <loadWeightUSTons>11.532856</loadWeightUSTons>
          <destinationTag>LS910J UP Oil Junction Local 1</destinationTag>
          <unitNumber>446</unitNumber>
        </RailVehicleStateClass>
        <RailVehicleStateClass>
          <rvXMLfilename>R8_GP40-2_SJVR01.xml</rvXMLfilename>
          <unitType>US_DieselEngine</unitType>
          <currentRoutePrefix>
            <int>100</int>
            <int>100</int>
          </currentRoutePrefix>
          <currentTrackSectionIndex>
            <int>5552</int>
            <int>5551</int>
          </currentTrackSectionIndex>
          <startNodeIndex>
            <int>0</int>
            <int>0</int>
          </startNodeIndex>
          <distanceTravelledInMeters>
            <float>9.005</float>
            <float>18.64</float>
          </distanceTravelledInMeters>
          <reverseDirection>
            <boolean>false</boolean>
            <boolean>false</boolean>
          </reverseDirection>
          <loadWeightUSTons>11.5121355</loadWeightUSTons>
          <destinationTag>LS910J 22</destinationTag>
          <unitNumber>451</unitNumber>
        </RailVehicleStateClass>
        <RailVehicleStateClass>
          <rvXMLfilename>R8_Boxcar_50ft_PlateF_SP01.xml</rvXMLfilename>
          <unitType>US_Freightcar</unitType>
          <currentRoutePrefix>
            <int>100</int>
            <int>100</int>
          </currentRoutePrefix>
          <currentTrackSectionIndex>
            <int>5553</int>
            <int>5552</int>
          </currentTrackSectionIndex>
          <startNodeIndex>
            <int>0</int>
            <int>0</int>
          </startNodeIndex>
          <distanceTravelledInMeters>
            <float>7.09</float>
            <float>15.34</float>
          </distanceTravelledInMeters>
          <reverseDirection>
            <boolean>false</boolean>
            <boolean>false</boolean>
          </reverseDirection>
          <loadWeightUSTons>1</loadWeightUSTons>
          <destinationTag>RV</destinationTag>
          <unitNumber>315162</unitNumber>
        </RailVehicleStateClass>
        <RailVehicleStateClass>
          <rvXMLfilename>Run8_Tank107BN01.xml</rvXMLfilename>
          <unitType>US_Freightcar</unitType>
          <currentRoutePrefix>
            <int>100</int>
            <int>100</int>
          </currentRoutePrefix>
          <currentTrackSectionIndex>
            <int>5553</int>
            <int>5553</int>
          </currentTrackSectionIndex>
          <startNodeIndex>
            <int>0</int>
            <int>0</int>
          </startNodeIndex>
          <distanceTravelledInMeters>
            <float>25.55</float>
            <float>11.62</float>
          </distanceTravelledInMeters>
          <reverseDirection>
            <boolean>false</boolean>
            <boolean>false</boolean>
          </reverseDirection>
          <loadWeightUSTons>85</loadWeightUSTons>
          <destinationTag>BK 910J SJR</destinationTag>
          <unitNumber>448396</unitNumber>
        </RailVehicleStateClass>
        <RailVehicleStateClass>
          <rvXMLfilename>Run8_Tank107UTLXblk.xml</rvXMLfilename>
          <unitType>US_Freightcar</unitType>
          <currentRoutePrefix>
            <int>100</int>
            <int>100</int>
          </currentRoutePrefix>
          <currentTrackSectionIndex>
            <int>5553</int>
            <int>5553</int>
          </currentTrackSectionIndex>
          <startNodeIndex>
            <int>0</int>
            <int>0</int>
          </startNodeIndex>
          <distanceTravelledInMeters>
            <float>29.73</float>
            <float>43.66</float>
          </distanceTravelledInMeters>
          <reverseDirection>
            <boolean>true</boolean>
            <boolean>true</boolean>
          </reverseDirection>
          <loadWeightUSTons>85</loadWeightUSTons>
          <destinationTag>BK 910J SJR</destinationTag>
          <unitNumber>991422</unitNumber>
        </RailVehicleStateClass>
        <RailVehicleStateClass>
          <rvXMLfilename>Run8_Tank107PROCR01.xml</rvXMLfilename>
          <unitType>US_Freightcar</unitType>
          <currentRoutePrefix>
            <int>100</int>
            <int>100</int>
          </currentRoutePrefix>
          <currentTrackSectionIndex>
            <int>5553</int>
            <int>5553</int>
          </currentTrackSectionIndex>
          <startNodeIndex>
            <int>0</int>
            <int>0</int>
          </startNodeIndex>
          <distanceTravelledInMeters>
            <float>61.77</float>
            <float>47.84</float>
          </distanceTravelledInMeters>
          <reverseDirection>
            <boolean>false</boolean>
            <boolean>false</boolean>
          </reverseDirection>
          <loadWeightUSTons>85</loadWeightUSTons>
          <destinationTag>BK 910J SJR</destinationTag>
          <unitNumber>178317</unitNumber>
        </RailVehicleStateClass>
        <RailVehicleStateClass>
          <rvXMLfilename>Run8_Tank105_UTLX.xml</rvXMLfilename>
          <unitType>US_Freightcar</unitType>
          <currentRoutePrefix>
            <int>100</int>
            <int>100</int>
          </currentRoutePrefix>
          <currentTrackSectionIndex>
            <int>5553</int>
            <int>5553</int>
          </currentTrackSectionIndex>
          <startNodeIndex>
            <int>0</int>
            <int>0</int>
          </startNodeIndex>
          <distanceTravelledInMeters>
            <float>76.875</float>
            <float>65.93</float>
          </distanceTravelledInMeters>
          <reverseDirection>
            <boolean>false</boolean>
            <boolean>false</boolean>
          </reverseDirection>
          <loadWeightUSTons>85</loadWeightUSTons>
          <destinationTag>BK 910J SJR</destinationTag>
          <unitNumber>533088</unitNumber>
        </RailVehicleStateClass>
        <RailVehicleStateClass>
          <rvXMLfilename>Run8_Tank107BN01.xml</rvXMLfilename>
          <unitType>US_Freightcar</unitType>
          <currentRoutePrefix>
            <int>100</int>
            <int>100</int>
          </currentRoutePrefix>
          <currentTrackSectionIndex>
            <int>5553</int>
            <int>5553</int>
          </currentTrackSectionIndex>
          <startNodeIndex>
            <int>0</int>
            <int>0</int>
          </startNodeIndex>
          <distanceTravelledInMeters>
            <float>94.965</float>
            <float>81.035</float>
          </distanceTravelledInMeters>
          <reverseDirection>
            <boolean>false</boolean>
            <boolean>false</boolean>
          </reverseDirection>
          <loadWeightUSTons>96</loadWeightUSTons>
          <destinationTag>BK 910J CGL</destinationTag>
          <unitNumber>298605</unitNumber>
        </RailVehicleStateClass>
        <RailVehicleStateClass>
          <rvXMLfilename>Run8_Tank107PROC02.xml</rvXMLfilename>
          <unitType>US_Freightcar</unitType>
          <currentRoutePrefix>
            <int>100</int>
            <int>100</int>
          </currentRoutePrefix>
          <currentTrackSectionIndex>
            <int>5553</int>
            <int>5553</int>
          </currentTrackSectionIndex>
          <startNodeIndex>
            <int>0</int>
            <int>0</int>
          </startNodeIndex>
          <distanceTravelledInMeters>
            <float>99.145</float>
            <float>113.075</float>
          </distanceTravelledInMeters>
          <reverseDirection>
            <boolean>true</boolean>
            <boolean>true</boolean>
          </reverseDirection>
          <loadWeightUSTons>96</loadWeightUSTons>
          <destinationTag>BK 910J CGL</destinationTag>
          <unitNumber>916980</unitNumber>
        </RailVehicleStateClass>
        <RailVehicleStateClass>
          <rvXMLfilename>Run8_Tank107UTLXblk.xml</rvXMLfilename>
          <unitType>US_Freightcar</unitType>
          <currentRoutePrefix>
            <int>100</int>
            <int>100</int>
          </currentRoutePrefix>
          <currentTrackSectionIndex>
            <int>5553</int>
            <int>5553</int>
          </currentTrackSectionIndex>
          <startNodeIndex>
            <int>0</int>
            <int>0</int>
          </startNodeIndex>
          <distanceTravelledInMeters>
            <float>131.185</float>
            <float>117.255</float>
          </distanceTravelledInMeters>
          <reverseDirection>
            <boolean>false</boolean>
            <boolean>false</boolean>
          </reverseDirection>
          <loadWeightUSTons>96</loadWeightUSTons>
          <destinationTag>BK 910J CGL</destinationTag>
          <unitNumber>696200</unitNumber>
        </RailVehicleStateClass>
        <RailVehicleStateClass>
          <rvXMLfilename>Run8_Tank105_AcidDirt.xml</rvXMLfilename>
          <unitType>US_Freightcar</unitType>
          <currentRoutePrefix>
            <int>100</int>
            <int>100</int>
          </currentRoutePrefix>
          <currentTrackSectionIndex>
            <int>5553</int>
            <int>5553</int>
          </currentTrackSectionIndex>
          <startNodeIndex>
            <int>0</int>
            <int>0</int>
          </startNodeIndex>
          <distanceTravelledInMeters>
            <float>135.345</float>
            <float>146.29</float>
          </distanceTravelledInMeters>
          <reverseDirection>
            <boolean>true</boolean>
            <boolean>true</boolean>
          </reverseDirection>
          <loadWeightUSTons>90</loadWeightUSTons>
          <destinationTag>BK 910J AMC</destinationTag>
          <unitNumber>142610</unitNumber>
        </RailVehicleStateClass>
        <RailVehicleStateClass>
          <rvXMLfilename>Run8_Tank105_AcidDirt.xml</rvXMLfilename>
          <unitType>US_Freightcar</unitType>
          <currentRoutePrefix>
            <int>100</int>
            <int>100</int>
          </currentRoutePrefix>
          <currentTrackSectionIndex>
            <int>5553</int>
            <int>5553</int>
          </currentTrackSectionIndex>
          <startNodeIndex>
            <int>0</int>
            <int>0</int>
          </startNodeIndex>
          <distanceTravelledInMeters>
            <float>161.375</float>
            <float>150.43</float>
          </distanceTravelledInMeters>
          <reverseDirection>
            <boolean>false</boolean>
            <boolean>false</boolean>
          </reverseDirection>
          <loadWeightUSTons>90</loadWeightUSTons>
          <destinationTag>BK 910J AMC</destinationTag>
          <unitNumber>997091</unitNumber>
        </RailVehicleStateClass>
        <RailVehicleStateClass>
          <rvXMLfilename>Run8_Tank105_Acid.xml</rvXMLfilename>
          <unitType>US_Freightcar</unitType>
          <currentRoutePrefix>
            <int>100</int>
            <int>100</int>
          </currentRoutePrefix>
          <currentTrackSectionIndex>
            <int>5553</int>
            <int>5553</int>
          </currentTrackSectionIndex>
          <startNodeIndex>
            <int>0</int>
            <int>0</int>
          </startNodeIndex>
          <distanceTravelledInMeters>
            <float>176.46</float>
            <float>165.515</float>
          </distanceTravelledInMeters>
          <reverseDirection>
            <boolean>false</boolean>
            <boolean>false</boolean>
          </reverseDirection>
          <loadWeightUSTons>90</loadWeightUSTons>
          <destinationTag>BK 910J AMC</destinationTag>
          <unitNumber>537609</unitNumber>
        </RailVehicleStateClass>
        <RailVehicleStateClass>
          <rvXMLfilename>Run8_Tank105_Acid.xml</rvXMLfilename>
          <unitType>US_Freightcar</unitType>
          <currentRoutePrefix>
            <int>100</int>
            <int>100</int>
          </currentRoutePrefix>
          <currentTrackSectionIndex>
            <int>5553</int>
            <int>5553</int>
          </currentTrackSectionIndex>
          <startNodeIndex>
            <int>0</int>
            <int>0</int>
          </startNodeIndex>
          <distanceTravelledInMeters>
            <float>180.6</float>
            <float>191.545</float>
          </distanceTravelledInMeters>
          <reverseDirection>
            <boolean>true</boolean>
            <boolean>true</boolean>
          </reverseDirection>
          <loadWeightUSTons>90</loadWeightUSTons>
          <destinationTag>BK 910J AMC</destinationTag>
          <unitNumber>989665</unitNumber>
        </RailVehicleStateClass>
        <RailVehicleStateClass>
          <rvXMLfilename>Run8_Tank105_Acid.xml</rvXMLfilename>
          <unitType>US_Freightcar</unitType>
          <currentRoutePrefix>
            <int>100</int>
            <int>100</int>
          </currentRoutePrefix>
          <currentTrackSectionIndex>
            <int>5553</int>
            <int>5553</int>
          </currentTrackSectionIndex>
          <startNodeIndex>
            <int>0</int>
            <int>0</int>
          </startNodeIndex>
          <distanceTravelledInMeters>
            <float>195.685</float>
            <float>206.63</float>
          </distanceTravelledInMeters>
          <reverseDirection>
            <boolean>true</boolean>
            <boolean>true</boolean>
          </reverseDirection>
          <loadWeightUSTons>90</loadWeightUSTons>
          <destinationTag>BK 910J AMC</destinationTag>
          <unitNumber>699231</unitNumber>
        </RailVehicleStateClass>
        <RailVehicleStateClass>
          <rvXMLfilename>Run8_Tank105_AcidDirt.xml</rvXMLfilename>
          <unitType>US_Freightcar</unitType>
          <currentRoutePrefix>
            <int>100</int>
            <int>100</int>
          </currentRoutePrefix>
          <currentTrackSectionIndex>
            <int>5553</int>
            <int>5553</int>
          </currentTrackSectionIndex>
          <startNodeIndex>
            <int>0</int>
            <int>0</int>
          </startNodeIndex>
          <distanceTravelledInMeters>
            <float>221.715</float>
            <float>210.77</float>
          </distanceTravelledInMeters>
          <reverseDirection>
            <boolean>false</boolean>
            <boolean>false</boolean>
          </reverseDirection>
          <loadWeightUSTons>90</loadWeightUSTons>
          <destinationTag>BK 910J AMC</destinationTag>
          <unitNumber>506061</unitNumber>
        </RailVehicleStateClass>
        <RailVehicleStateClass>
          <rvXMLfilename>Run8_Tank105_AcidDirt.xml</rvXMLfilename>
          <unitType>US_Freightcar</unitType>
          <currentRoutePrefix>
            <int>100</int>
            <int>100</int>
          </currentRoutePrefix>
          <currentTrackSectionIndex>
            <int>5553</int>
            <int>5553</int>
          </currentTrackSectionIndex>
          <startNodeIndex>
            <int>0</int>
            <int>0</int>
          </startNodeIndex>
          <distanceTravelledInMeters>
            <float>225.855</float>
            <float>236.8</float>
          </distanceTravelledInMeters>
          <reverseDirection>
            <boolean>true</boolean>
            <boolean>true</boolean>
          </reverseDirection>
          <loadWeightUSTons>90</loadWeightUSTons>
          <destinationTag>BK 910J AMC</destinationTag>
          <unitNumber>750556</unitNumber>
        </RailVehicleStateClass>
        <RailVehicleStateClass>
          <rvXMLfilename>Run8_Tank105_AcidDirt.xml</rvXMLfilename>
          <unitType>US_Freightcar</unitType>
          <currentRoutePrefix>
            <int>100</int>
            <int>100</int>
          </currentRoutePrefix>
          <currentTrackSectionIndex>
            <int>5553</int>
            <int>5553</int>
          </currentTrackSectionIndex>
          <startNodeIndex>
            <int>0</int>
            <int>0</int>
          </startNodeIndex>
          <distanceTravelledInMeters>
            <float>240.94</float>
            <float>251.885</float>
          </distanceTravelledInMeters>
          <reverseDirection>
            <boolean>true</boolean>
            <boolean>true</boolean>
          </reverseDirection>
          <loadWeightUSTons>90</loadWeightUSTons>
          <destinationTag>BK 910J AMC</destinationTag>
          <unitNumber>600857</unitNumber>
        </RailVehicleStateClass>
        <RailVehicleStateClass>
          <rvXMLfilename>R8_C14Hopper_BNSF02.xml</rvXMLfilename>
          <unitType>US_Freightcar</unitType>
          <currentRoutePrefix>
            <int>100</int>
            <int>100</int>
          </currentRoutePrefix>
          <currentTrackSectionIndex>
            <int>5553</int>
            <int>5554</int>
          </currentTrackSectionIndex>
          <startNodeIndex>
            <int>0</int>
            <int>0</int>
          </startNodeIndex>
          <distanceTravelledInMeters>
            <float>255.93</float>
            <float>0.395</float>
          </distanceTravelledInMeters>
          <reverseDirection>
            <boolean>true</boolean>
            <boolean>true</boolean>
          </reverseDirection>
          <loadWeightUSTons>101</loadWeightUSTons>
          <destinationTag>WCL BK 910J AMC</destinationTag>
          <unitNumber>609110</unitNumber>
        </RailVehicleStateClass>
        <RailVehicleStateClass>
          <rvXMLfilename>R8_C14Hopper_CSX01.xml</rvXMLfilename>
          <unitType>US_Freightcar</unitType>
          <currentRoutePrefix>
            <int>100</int>
            <int>100</int>
          </currentRoutePrefix>
          <currentTrackSectionIndex>
            <int>5554</int>
            <int>5554</int>
          </currentTrackSectionIndex>
          <startNodeIndex>
            <int>0</int>
            <int>0</int>
          </startNodeIndex>
          <distanceTravelledInMeters>
            <float>18.805</float>
            <float>4.345</float>
          </distanceTravelledInMeters>
          <reverseDirection>
            <boolean>false</boolean>
            <boolean>false</boolean>
          </reverseDirection>
          <loadWeightUSTons>101</loadWeightUSTons>
          <destinationTag>WCL BK 910J AMC</destinationTag>
          <unitNumber>638095</unitNumber>
        </RailVehicleStateClass>
        <RailVehicleStateClass>
          <rvXMLfilename>R8_C14Hopper_BNSF01.xml</rvXMLfilename>
          <unitType>US_Freightcar</unitType>
          <currentRoutePrefix>
            <int>100</int>
            <int>100</int>
          </currentRoutePrefix>
          <currentTrackSectionIndex>
            <int>5554</int>
            <int>5554</int>
          </currentTrackSectionIndex>
          <startNodeIndex>
            <int>0</int>
            <int>0</int>
          </startNodeIndex>
          <distanceTravelledInMeters>
            <float>22.755</float>
            <float>37.215</float>
          </distanceTravelledInMeters>
          <reverseDirection>
            <boolean>true</boolean>
            <boolean>true</boolean>
          </reverseDirection>
          <loadWeightUSTons>101</loadWeightUSTons>
          <destinationTag>WCL BK 910J AMC</destinationTag>
          <unitNumber>405046</unitNumber>
        </RailVehicleStateClass>
        <RailVehicleStateClass>
          <rvXMLfilename>R8_C14Hopper_UP02.xml</rvXMLfilename>
          <unitType>US_Freightcar</unitType>
          <currentRoutePrefix>
            <int>100</int>
            <int>100</int>
          </currentRoutePrefix>
          <currentTrackSectionIndex>
            <int>5554</int>
            <int>5554</int>
          </currentTrackSectionIndex>
          <startNodeIndex>
            <int>0</int>
            <int>0</int>
          </startNodeIndex>
          <distanceTravelledInMeters>
            <float>55.63</float>
            <float>41.165</float>
          </distanceTravelledInMeters>
          <reverseDirection>
            <boolean>false</boolean>
            <boolean>false</boolean>
          </reverseDirection>
          <loadWeightUSTons>101</loadWeightUSTons>
          <destinationTag>WCL BK 910J AMC</destinationTag>
          <unitNumber>660479</unitNumber>
        </RailVehicleStateClass>
      </unitLoaderList>
    </TrainLoader>
  </trainList>
  <flagList />
  <cameraXYZ>
    <X>375.572021</X>
    <Y>861.8577</Y>
    <Z>-841.577942</Z>
  </cameraXYZ>
  <camRotationXYZ>
    <X>0.0160895213</X>
    <Y>-7.074711</Y>
    <Z>0</Z>
  </camRotationXYZ>
  <camTileXZ>
    <x>90</x>
    <z>7</z>
  </camTileXZ>
  <date>2021-04-27T11:10:46.1322751Z</date>
  <saveGameType>Train</saveGameType>
  <signals />
  <switches />
  <description />
  <trackBulletins />
</ScnLoader>