<?xml version="1.0"?>
<ScnLoader xmlns:xsd="http://www.w3.org/2001/XMLSchema" xmlns:xsi="http://www.w3.org/2001/XMLSchema-instance">
  <trainList>
    <TrainLoader>
      <trainID>430517</trainID>
      <TrainWasAI>false</TrainWasAI>
      <DispatchTrainDirection>0</DispatchTrainDirection>
      <ManuallyAppliedSpeedLimitMPH>2147483647</ManuallyAppliedSpeedLimitMPH>
      <PreviousSignalInstruction>Clear</PreviousSignalInstruction>
      <unitLoaderList>
        <RailVehicleStateClass>
          <rvXMLfilename>Run8_ES44DC_UP.xml</rvXMLfilename>
          <unitType>US_DieselEngine</unitType>
          <currentRoutePrefix>
            <int>100</int>
            <int>100</int>
          </currentRoutePrefix>
          <currentTrackSectionIndex>
            <int>5551</int>
            <int>5552</int>
          </currentTrackSectionIndex>
          <startNodeIndex>
            <int>0</int>
            <int>0</int>
          </startNodeIndex>
          <distanceTravelledInMeters>
            <float>14.87</float>
            <float>8.98</float>
          </distanceTravelledInMeters>
          <reverseDirection>
            <boolean>true</boolean>
            <boolean>true</boolean>
          </reverseDirection>
          <loadWeightUSTons>16.192234</loadWeightUSTons>
          <destinationTag>MWCLB 02</destinationTag>
          <unitNumber>8021</unitNumber>
        </RailVehicleStateClass>
        <RailVehicleStateClass>
          <rvXMLfilename>Run8_SD70ACE_UP02.xml</rvXMLfilename>
          <unitType>US_DieselEngine</unitType>
          <currentRoutePrefix>
            <int>100</int>
            <int>100</int>
          </currentRoutePrefix>
          <currentTrackSectionIndex>
            <int>5553</int>
            <int>5552</int>
          </currentTrackSectionIndex>
          <startNodeIndex>
            <int>0</int>
            <int>0</int>
          </startNodeIndex>
          <distanceTravelledInMeters>
            <float>11.795</float>
            <float>17.075</float>
          </distanceTravelledInMeters>
          <reverseDirection>
            <boolean>false</boolean>
            <boolean>false</boolean>
          </reverseDirection>
          <loadWeightUSTons>16.2461777</loadWeightUSTons>
          <destinationTag>None</destinationTag>
          <unitNumber>8367</unitNumber>
        </RailVehicleStateClass>
        <RailVehicleStateClass>
          <rvXMLfilename>Run8_Tank105_AGFX.xml</rvXMLfilename>
          <unitType>US_Freightcar</unitType>
          <currentRoutePrefix>
            <int>100</int>
            <int>100</int>
          </currentRoutePrefix>
          <currentTrackSectionIndex>
            <int>5553</int>
            <int>5553</int>
          </currentTrackSectionIndex>
          <startNodeIndex>
            <int>0</int>
            <int>0</int>
          </startNodeIndex>
          <distanceTravelledInMeters>
            <float>28.785</float>
            <float>17.84</float>
          </distanceTravelledInMeters>
          <reverseDirection>
            <boolean>false</boolean>
            <boolean>false</boolean>
          </reverseDirection>
          <loadWeightUSTons>96</loadWeightUSTons>
          <destinationTag>LB</destinationTag>
          <unitNumber>219318</unitNumber>
        </RailVehicleStateClass>
        <RailVehicleStateClass>
          <rvXMLfilename>R8_Boxcar_FMC5347_NOPB01.xml</rvXMLfilename>
          <unitType>US_Freightcar</unitType>
          <currentRoutePrefix>
            <int>100</int>
            <int>100</int>
          </currentRoutePrefix>
          <currentTrackSectionIndex>
            <int>5553</int>
            <int>5553</int>
          </currentTrackSectionIndex>
          <startNodeIndex>
            <int>0</int>
            <int>0</int>
          </startNodeIndex>
          <distanceTravelledInMeters>
            <float>33.25</float>
            <float>45.88</float>
          </distanceTravelledInMeters>
          <reverseDirection>
            <boolean>true</boolean>
            <boolean>true</boolean>
          </reverseDirection>
          <loadWeightUSTons>0</loadWeightUSTons>
          <destinationTag>LB</destinationTag>
          <unitNumber>946553</unitNumber>
        </RailVehicleStateClass>
        <RailVehicleStateClass>
          <rvXMLfilename>R8_Centerbeam_BC01.xml</rvXMLfilename>
          <unitType>US_Freightcar</unitType>
          <currentRoutePrefix>
            <int>100</int>
            <int>100</int>
          </currentRoutePrefix>
          <currentTrackSectionIndex>
            <int>5553</int>
            <int>5553</int>
          </currentTrackSectionIndex>
          <startNodeIndex>
            <int>0</int>
            <int>0</int>
          </startNodeIndex>
          <distanceTravelledInMeters>
            <float>69.31</float>
            <float>51.225</float>
          </distanceTravelledInMeters>
          <reverseDirection>
            <boolean>false</boolean>
            <boolean>false</boolean>
          </reverseDirection>
          <loadWeightUSTons>0</loadWeightUSTons>
          <destinationTag>LB</destinationTag>
          <unitNumber>131102</unitNumber>
        </RailVehicleStateClass>
        <RailVehicleStateClass>
          <rvXMLfilename>R8_Bulkhead_Thrall_TTPX01.xml</rvXMLfilename>
          <unitType>US_Freightcar</unitType>
          <currentRoutePrefix>
            <int>100</int>
            <int>100</int>
          </currentRoutePrefix>
          <currentTrackSectionIndex>
            <int>5553</int>
            <int>5553</int>
          </currentTrackSectionIndex>
          <startNodeIndex>
            <int>0</int>
            <int>0</int>
          </startNodeIndex>
          <distanceTravelledInMeters>
            <float>76.145</float>
            <float>90.32</float>
          </distanceTravelledInMeters>
          <reverseDirection>
            <boolean>true</boolean>
            <boolean>true</boolean>
          </reverseDirection>
          <loadWeightUSTons>91</loadWeightUSTons>
          <destinationTag>LB</destinationTag>
          <unitNumber>977169</unitNumber>
        </RailVehicleStateClass>
        <RailVehicleStateClass>
          <rvXMLfilename>R8_Gon_TRIN1828_IHB01.xml</rvXMLfilename>
          <unitType>US_Freightcar</unitType>
          <currentRoutePrefix>
            <int>100</int>
            <int>100</int>
          </currentRoutePrefix>
          <currentTrackSectionIndex>
            <int>5553</int>
            <int>5553</int>
          </currentTrackSectionIndex>
          <startNodeIndex>
            <int>0</int>
            <int>0</int>
          </startNodeIndex>
          <distanceTravelledInMeters>
            <float>96.3</float>
            <float>109.545</float>
          </distanceTravelledInMeters>
          <reverseDirection>
            <boolean>true</boolean>
            <boolean>true</boolean>
          </reverseDirection>
          <loadWeightUSTons>93</loadWeightUSTons>
          <destinationTag>LB</destinationTag>
          <unitNumber>688186</unitNumber>
        </RailVehicleStateClass>
        <RailVehicleStateClass>
          <rvXMLfilename>R8_CoveredHopper_ACF2700_CSX1.xml</rvXMLfilename>
          <unitType>US_Freightcar</unitType>
          <currentRoutePrefix>
            <int>100</int>
            <int>100</int>
          </currentRoutePrefix>
          <currentTrackSectionIndex>
            <int>5553</int>
            <int>5553</int>
          </currentTrackSectionIndex>
          <startNodeIndex>
            <int>0</int>
            <int>0</int>
          </startNodeIndex>
          <distanceTravelledInMeters>
            <float>122.07</float>
            <float>113.89</float>
          </distanceTravelledInMeters>
          <reverseDirection>
            <boolean>false</boolean>
            <boolean>false</boolean>
          </reverseDirection>
          <loadWeightUSTons>0</loadWeightUSTons>
          <destinationTag>LB</destinationTag>
          <unitNumber>319473</unitNumber>
        </RailVehicleStateClass>
        <RailVehicleStateClass>
          <rvXMLfilename>Run8_Tank107UTLXblk.xml</rvXMLfilename>
          <unitType>US_Freightcar</unitType>
          <currentRoutePrefix>
            <int>100</int>
            <int>100</int>
          </currentRoutePrefix>
          <currentTrackSectionIndex>
            <int>5553</int>
            <int>5553</int>
          </currentTrackSectionIndex>
          <startNodeIndex>
            <int>0</int>
            <int>0</int>
          </startNodeIndex>
          <distanceTravelledInMeters>
            <float>126.415</float>
            <float>140.345</float>
          </distanceTravelledInMeters>
          <reverseDirection>
            <boolean>true</boolean>
            <boolean>true</boolean>
          </reverseDirection>
          <loadWeightUSTons>0</loadWeightUSTons>
          <destinationTag>LB</destinationTag>
          <unitNumber>388212</unitNumber>
        </RailVehicleStateClass>
        <RailVehicleStateClass>
          <rvXMLfilename>R8_Boxcar_FMC5347_RBOX01.xml</rvXMLfilename>
          <unitType>US_Freightcar</unitType>
          <currentRoutePrefix>
            <int>100</int>
            <int>100</int>
          </currentRoutePrefix>
          <currentTrackSectionIndex>
            <int>5553</int>
            <int>5553</int>
          </currentTrackSectionIndex>
          <startNodeIndex>
            <int>0</int>
            <int>0</int>
          </startNodeIndex>
          <distanceTravelledInMeters>
            <float>144.83</float>
            <float>157.46</float>
          </distanceTravelledInMeters>
          <reverseDirection>
            <boolean>true</boolean>
            <boolean>true</boolean>
          </reverseDirection>
          <loadWeightUSTons>0</loadWeightUSTons>
          <destinationTag>LB</destinationTag>
          <unitNumber>439239</unitNumber>
        </RailVehicleStateClass>
        <RailVehicleStateClass>
          <rvXMLfilename>R8_Boxcar_50ft_PlateF_WC01.xml</rvXMLfilename>
          <unitType>US_Freightcar</unitType>
          <currentRoutePrefix>
            <int>100</int>
            <int>100</int>
          </currentRoutePrefix>
          <currentTrackSectionIndex>
            <int>5553</int>
            <int>5553</int>
          </currentTrackSectionIndex>
          <startNodeIndex>
            <int>0</int>
            <int>0</int>
          </startNodeIndex>
          <distanceTravelledInMeters>
            <float>162.3</float>
            <float>174.05</float>
          </distanceTravelledInMeters>
          <reverseDirection>
            <boolean>true</boolean>
            <boolean>true</boolean>
          </reverseDirection>
          <loadWeightUSTons>0</loadWeightUSTons>
          <destinationTag>LB</destinationTag>
          <unitNumber>174630</unitNumber>
        </RailVehicleStateClass>
        <RailVehicleStateClass>
          <rvXMLfilename>R8_Boxcar_FMC5347_CNW01.xml</rvXMLfilename>
          <unitType>US_Freightcar</unitType>
          <currentRoutePrefix>
            <int>100</int>
            <int>100</int>
          </currentRoutePrefix>
          <currentTrackSectionIndex>
            <int>5553</int>
            <int>5553</int>
          </currentTrackSectionIndex>
          <startNodeIndex>
            <int>0</int>
            <int>0</int>
          </startNodeIndex>
          <distanceTravelledInMeters>
            <float>178.885</float>
            <float>191.52</float>
          </distanceTravelledInMeters>
          <reverseDirection>
            <boolean>true</boolean>
            <boolean>true</boolean>
          </reverseDirection>
          <loadWeightUSTons>0</loadWeightUSTons>
          <destinationTag>LB</destinationTag>
          <unitNumber>349782</unitNumber>
        </RailVehicleStateClass>
        <RailVehicleStateClass>
          <rvXMLfilename>R8_Reefer_TrinCool_64_ARMN.xml</rvXMLfilename>
          <unitType>US_Freightcar</unitType>
          <currentRoutePrefix>
            <int>100</int>
            <int>100</int>
          </currentRoutePrefix>
          <currentTrackSectionIndex>
            <int>5553</int>
            <int>5553</int>
          </currentTrackSectionIndex>
          <startNodeIndex>
            <int>0</int>
            <int>0</int>
          </startNodeIndex>
          <distanceTravelledInMeters>
            <float>211.68</float>
            <float>198.45</float>
          </distanceTravelledInMeters>
          <reverseDirection>
            <boolean>false</boolean>
            <boolean>false</boolean>
          </reverseDirection>
          <loadWeightUSTons>97</loadWeightUSTons>
          <destinationTag>LB</destinationTag>
          <unitNumber>663886</unitNumber>
        </RailVehicleStateClass>
        <RailVehicleStateClass>
          <rvXMLfilename>R8_Reefer_PCF_57_SPFE.xml</rvXMLfilename>
          <unitType>US_Freightcar</unitType>
          <currentRoutePrefix>
            <int>100</int>
            <int>100</int>
          </currentRoutePrefix>
          <currentTrackSectionIndex>
            <int>5553</int>
            <int>5553</int>
          </currentTrackSectionIndex>
          <startNodeIndex>
            <int>0</int>
            <int>0</int>
          </startNodeIndex>
          <distanceTravelledInMeters>
            <float>218.91</float>
            <float>232.9</float>
          </distanceTravelledInMeters>
          <reverseDirection>
            <boolean>true</boolean>
            <boolean>true</boolean>
          </reverseDirection>
          <loadWeightUSTons>65</loadWeightUSTons>
          <destinationTag>LB</destinationTag>
          <unitNumber>538831</unitNumber>
        </RailVehicleStateClass>
        <RailVehicleStateClass>
          <rvXMLfilename>R8_Reefer_TrinCool_72_BNSF.xml</rvXMLfilename>
          <unitType>US_Freightcar</unitType>
          <currentRoutePrefix>
            <int>100</int>
            <int>100</int>
          </currentRoutePrefix>
          <currentTrackSectionIndex>
            <int>5553</int>
            <int>5553</int>
          </currentTrackSectionIndex>
          <startNodeIndex>
            <int>0</int>
            <int>0</int>
          </startNodeIndex>
          <distanceTravelledInMeters>
            <float>255.755</float>
            <float>239.995</float>
          </distanceTravelledInMeters>
          <reverseDirection>
            <boolean>false</boolean>
            <boolean>false</boolean>
          </reverseDirection>
          <loadWeightUSTons>90</loadWeightUSTons>
          <destinationTag>LB</destinationTag>
          <unitNumber>628359</unitNumber>
        </RailVehicleStateClass>
        <RailVehicleStateClass>
          <rvXMLfilename>R8_Reefer_PCF_57_SPFE.xml</rvXMLfilename>
          <unitType>US_Freightcar</unitType>
          <currentRoutePrefix>
            <int>100</int>
            <int>100</int>
          </currentRoutePrefix>
          <currentTrackSectionIndex>
            <int>5553</int>
            <int>5554</int>
          </currentTrackSectionIndex>
          <startNodeIndex>
            <int>0</int>
            <int>0</int>
          </startNodeIndex>
          <distanceTravelledInMeters>
            <float>262.845</float>
            <float>6.835</float>
          </distanceTravelledInMeters>
          <reverseDirection>
            <boolean>true</boolean>
            <boolean>true</boolean>
          </reverseDirection>
          <loadWeightUSTons>65.85</loadWeightUSTons>
          <destinationTag>LB</destinationTag>
          <unitNumber>193887</unitNumber>
        </RailVehicleStateClass>
        <RailVehicleStateClass>
          <rvXMLfilename>Run8_Tank107PROC02.xml</rvXMLfilename>
          <unitType>US_Freightcar</unitType>
          <currentRoutePrefix>
            <int>100</int>
            <int>100</int>
          </currentRoutePrefix>
          <currentTrackSectionIndex>
            <int>5554</int>
            <int>5554</int>
          </currentTrackSectionIndex>
          <startNodeIndex>
            <int>0</int>
            <int>0</int>
          </startNodeIndex>
          <distanceTravelledInMeters>
            <float>11.625</float>
            <float>25.555</float>
          </distanceTravelledInMeters>
          <reverseDirection>
            <boolean>true</boolean>
            <boolean>true</boolean>
          </reverseDirection>
          <loadWeightUSTons>0</loadWeightUSTons>
          <destinationTag>LB</destinationTag>
          <unitNumber>641935</unitNumber>
        </RailVehicleStateClass>
        <RailVehicleStateClass>
          <rvXMLfilename>R8_Reefer_PCF_57_UPFE.xml</rvXMLfilename>
          <unitType>US_Freightcar</unitType>
          <currentRoutePrefix>
            <int>100</int>
            <int>100</int>
          </currentRoutePrefix>
          <currentTrackSectionIndex>
            <int>5554</int>
            <int>5554</int>
          </currentTrackSectionIndex>
          <startNodeIndex>
            <int>0</int>
            <int>0</int>
          </startNodeIndex>
          <distanceTravelledInMeters>
            <float>30.345</float>
            <float>44.335</float>
          </distanceTravelledInMeters>
          <reverseDirection>
            <boolean>true</boolean>
            <boolean>true</boolean>
          </reverseDirection>
          <loadWeightUSTons>65</loadWeightUSTons>
          <destinationTag>LB</destinationTag>
          <unitNumber>681149</unitNumber>
        </RailVehicleStateClass>
        <RailVehicleStateClass>
          <rvXMLfilename>R8_Reefer_PCF_57_SPFE.xml</rvXMLfilename>
          <unitType>US_Freightcar</unitType>
          <currentRoutePrefix>
            <int>100</int>
            <int>100</int>
          </currentRoutePrefix>
          <currentTrackSectionIndex>
            <int>5554</int>
            <int>5554</int>
          </currentTrackSectionIndex>
          <startNodeIndex>
            <int>0</int>
            <int>0</int>
          </startNodeIndex>
          <distanceTravelledInMeters>
            <float>49.735</float>
            <float>63.725</float>
          </distanceTravelledInMeters>
          <reverseDirection>
            <boolean>true</boolean>
            <boolean>true</boolean>
          </reverseDirection>
          <loadWeightUSTons>65.85</loadWeightUSTons>
          <destinationTag>LB</destinationTag>
          <unitNumber>248697</unitNumber>
        </RailVehicleStateClass>
        <RailVehicleStateClass>
          <rvXMLfilename>R8_Reefer_Greenbrier_72_CRYX.xml</rvXMLfilename>
          <unitType>US_Freightcar</unitType>
          <currentRoutePrefix>
            <int>100</int>
            <int>100</int>
          </currentRoutePrefix>
          <currentTrackSectionIndex>
            <int>5554</int>
            <int>5554</int>
          </currentTrackSectionIndex>
          <startNodeIndex>
            <int>0</int>
            <int>0</int>
          </startNodeIndex>
          <distanceTravelledInMeters>
            <float>70.765</float>
            <float>87.09</float>
          </distanceTravelledInMeters>
          <reverseDirection>
            <boolean>true</boolean>
            <boolean>true</boolean>
          </reverseDirection>
          <loadWeightUSTons>92</loadWeightUSTons>
          <destinationTag>LB</destinationTag>
          <unitNumber>286068</unitNumber>
        </RailVehicleStateClass>
        <RailVehicleStateClass>
          <rvXMLfilename>R8_Boxcar_50ft_PlateF_AOK01.xml</rvXMLfilename>
          <unitType>US_Freightcar</unitType>
          <currentRoutePrefix>
            <int>100</int>
            <int>100</int>
          </currentRoutePrefix>
          <currentTrackSectionIndex>
            <int>5554</int>
            <int>5554</int>
          </currentTrackSectionIndex>
          <startNodeIndex>
            <int>0</int>
            <int>0</int>
          </startNodeIndex>
          <distanceTravelledInMeters>
            <float>93.865</float>
            <float>105.615</float>
          </distanceTravelledInMeters>
          <reverseDirection>
            <boolean>true</boolean>
            <boolean>true</boolean>
          </reverseDirection>
          <loadWeightUSTons>0</loadWeightUSTons>
          <destinationTag>LB</destinationTag>
          <unitNumber>131999</unitNumber>
        </RailVehicleStateClass>
        <RailVehicleStateClass>
          <rvXMLfilename>Run8_Tank107BNSF01.xml</rvXMLfilename>
          <unitType>US_Freightcar</unitType>
          <currentRoutePrefix>
            <int>100</int>
            <int>100</int>
          </currentRoutePrefix>
          <currentTrackSectionIndex>
            <int>5554</int>
            <int>5554</int>
          </currentTrackSectionIndex>
          <startNodeIndex>
            <int>0</int>
            <int>0</int>
          </startNodeIndex>
          <distanceTravelledInMeters>
            <float>124.07</float>
            <float>110.14</float>
          </distanceTravelledInMeters>
          <reverseDirection>
            <boolean>false</boolean>
            <boolean>false</boolean>
          </reverseDirection>
          <loadWeightUSTons>0</loadWeightUSTons>
          <destinationTag>LB</destinationTag>
          <unitNumber>248486</unitNumber>
        </RailVehicleStateClass>
        <RailVehicleStateClass>
          <rvXMLfilename>R8_Boxcar_FMC5347_CNW01.xml</rvXMLfilename>
          <unitType>US_Freightcar</unitType>
          <currentRoutePrefix>
            <int>100</int>
            <int>100</int>
          </currentRoutePrefix>
          <currentTrackSectionIndex>
            <int>5554</int>
            <int>5554</int>
          </currentTrackSectionIndex>
          <startNodeIndex>
            <int>0</int>
            <int>0</int>
          </startNodeIndex>
          <distanceTravelledInMeters>
            <float>128.56</float>
            <float>141.195</float>
          </distanceTravelledInMeters>
          <reverseDirection>
            <boolean>true</boolean>
            <boolean>true</boolean>
          </reverseDirection>
          <loadWeightUSTons>47</loadWeightUSTons>
          <destinationTag>LB</destinationTag>
          <unitNumber>830936</unitNumber>
        </RailVehicleStateClass>
        <RailVehicleStateClass>
          <rvXMLfilename>R8_Boxcar_50ft_PlateF_BNSF01.xml</rvXMLfilename>
          <unitType>US_Freightcar</unitType>
          <currentRoutePrefix>
            <int>100</int>
            <int>100</int>
          </currentRoutePrefix>
          <currentTrackSectionIndex>
            <int>5554</int>
            <int>5554</int>
          </currentTrackSectionIndex>
          <startNodeIndex>
            <int>0</int>
            <int>0</int>
          </startNodeIndex>
          <distanceTravelledInMeters>
            <float>157.78</float>
            <float>146.03</float>
          </distanceTravelledInMeters>
          <reverseDirection>
            <boolean>false</boolean>
            <boolean>false</boolean>
          </reverseDirection>
          <loadWeightUSTons>0</loadWeightUSTons>
          <destinationTag>LB</destinationTag>
          <unitNumber>571918</unitNumber>
        </RailVehicleStateClass>
        <RailVehicleStateClass>
          <rvXMLfilename>R8_Boxcar_50ft_PlateF_SP01.xml</rvXMLfilename>
          <unitType>US_Freightcar</unitType>
          <currentRoutePrefix>
            <int>100</int>
            <int>100</int>
          </currentRoutePrefix>
          <currentTrackSectionIndex>
            <int>5554</int>
            <int>5554</int>
          </currentTrackSectionIndex>
          <startNodeIndex>
            <int>0</int>
            <int>0</int>
          </startNodeIndex>
          <distanceTravelledInMeters>
            <float>174.41</float>
            <float>162.655</float>
          </distanceTravelledInMeters>
          <reverseDirection>
            <boolean>false</boolean>
            <boolean>false</boolean>
          </reverseDirection>
          <loadWeightUSTons>105.9</loadWeightUSTons>
          <destinationTag>LB</destinationTag>
          <unitNumber>573264</unitNumber>
        </RailVehicleStateClass>
        <RailVehicleStateClass>
          <rvXMLfilename>R8_Boxcar_50ft_PlateF_NOKL01.xml</rvXMLfilename>
          <unitType>US_Freightcar</unitType>
          <currentRoutePrefix>
            <int>100</int>
            <int>100</int>
          </currentRoutePrefix>
          <currentTrackSectionIndex>
            <int>5554</int>
            <int>5554</int>
          </currentTrackSectionIndex>
          <startNodeIndex>
            <int>0</int>
            <int>0</int>
          </startNodeIndex>
          <distanceTravelledInMeters>
            <float>191.035</float>
            <float>179.285</float>
          </distanceTravelledInMeters>
          <reverseDirection>
            <boolean>false</boolean>
            <boolean>false</boolean>
          </reverseDirection>
          <loadWeightUSTons>105</loadWeightUSTons>
          <destinationTag>LB</destinationTag>
          <unitNumber>761319</unitNumber>
        </RailVehicleStateClass>
        <RailVehicleStateClass>
          <rvXMLfilename>R8_C14Hopper_CAGX01.xml</rvXMLfilename>
          <unitType>US_Freightcar</unitType>
          <currentRoutePrefix>
            <int>100</int>
            <int>100</int>
          </currentRoutePrefix>
          <currentTrackSectionIndex>
            <int>5554</int>
            <int>5554</int>
          </currentTrackSectionIndex>
          <startNodeIndex>
            <int>0</int>
            <int>0</int>
          </startNodeIndex>
          <distanceTravelledInMeters>
            <float>209.915</float>
            <float>195.45</float>
          </distanceTravelledInMeters>
          <reverseDirection>
            <boolean>false</boolean>
            <boolean>false</boolean>
          </reverseDirection>
          <loadWeightUSTons>0</loadWeightUSTons>
          <destinationTag>LB</destinationTag>
          <unitNumber>542805</unitNumber>
        </RailVehicleStateClass>
        <RailVehicleStateClass>
          <rvXMLfilename>Run8_Tank107UTLXblk.xml</rvXMLfilename>
          <unitType>US_Freightcar</unitType>
          <currentRoutePrefix>
            <int>100</int>
            <int>100</int>
          </currentRoutePrefix>
          <currentTrackSectionIndex>
            <int>5554</int>
            <int>5554</int>
          </currentTrackSectionIndex>
          <startNodeIndex>
            <int>0</int>
            <int>0</int>
          </startNodeIndex>
          <distanceTravelledInMeters>
            <float>213.975</float>
            <float>227.905</float>
          </distanceTravelledInMeters>
          <reverseDirection>
            <boolean>true</boolean>
            <boolean>true</boolean>
          </reverseDirection>
          <loadWeightUSTons>0</loadWeightUSTons>
          <destinationTag>LB</destinationTag>
          <unitNumber>509658</unitNumber>
        </RailVehicleStateClass>
        <RailVehicleStateClass>
          <rvXMLfilename>Run8_Tank105_AcidDirt.xml</rvXMLfilename>
          <unitType>US_Freightcar</unitType>
          <currentRoutePrefix>
            <int>100</int>
            <int>100</int>
          </currentRoutePrefix>
          <currentTrackSectionIndex>
            <int>5554</int>
            <int>5554</int>
          </currentTrackSectionIndex>
          <startNodeIndex>
            <int>0</int>
            <int>0</int>
          </startNodeIndex>
          <distanceTravelledInMeters>
            <float>232.065</float>
            <float>243.01</float>
          </distanceTravelledInMeters>
          <reverseDirection>
            <boolean>true</boolean>
            <boolean>true</boolean>
          </reverseDirection>
          <loadWeightUSTons>0</loadWeightUSTons>
          <destinationTag>LB</destinationTag>
          <unitNumber>625114</unitNumber>
        </RailVehicleStateClass>
        <RailVehicleStateClass>
          <rvXMLfilename>Run8_Tank105_Cstar.xml</rvXMLfilename>
          <unitType>US_Freightcar</unitType>
          <currentRoutePrefix>
            <int>100</int>
            <int>100</int>
          </currentRoutePrefix>
          <currentTrackSectionIndex>
            <int>5554</int>
            <int>5554</int>
          </currentTrackSectionIndex>
          <startNodeIndex>
            <int>0</int>
            <int>0</int>
          </startNodeIndex>
          <distanceTravelledInMeters>
            <float>258.095</float>
            <float>247.15</float>
          </distanceTravelledInMeters>
          <reverseDirection>
            <boolean>false</boolean>
            <boolean>false</boolean>
          </reverseDirection>
          <loadWeightUSTons>96</loadWeightUSTons>
          <destinationTag>LB</destinationTag>
          <unitNumber>349491</unitNumber>
        </RailVehicleStateClass>
        <RailVehicleStateClass>
          <rvXMLfilename>R8_Boxcar_FMC5347_SSW01.xml</rvXMLfilename>
          <unitType>US_Freightcar</unitType>
          <currentRoutePrefix>
            <int>100</int>
            <int>100</int>
          </currentRoutePrefix>
          <currentTrackSectionIndex>
            <int>5554</int>
            <int>5555</int>
          </currentTrackSectionIndex>
          <startNodeIndex>
            <int>0</int>
            <int>0</int>
          </startNodeIndex>
          <distanceTravelledInMeters>
            <float>262.565</float>
            <float>5.195</float>
          </distanceTravelledInMeters>
          <reverseDirection>
            <boolean>true</boolean>
            <boolean>true</boolean>
          </reverseDirection>
          <loadWeightUSTons>78</loadWeightUSTons>
          <destinationTag>LB</destinationTag>
          <unitNumber>893090</unitNumber>
        </RailVehicleStateClass>
        <RailVehicleStateClass>
          <rvXMLfilename>R8_Boxcar_FMC5347_NOPB01.xml</rvXMLfilename>
          <unitType>US_Freightcar</unitType>
          <currentRoutePrefix>
            <int>100</int>
            <int>100</int>
          </currentRoutePrefix>
          <currentTrackSectionIndex>
            <int>5556</int>
            <int>5555</int>
          </currentTrackSectionIndex>
          <startNodeIndex>
            <int>0</int>
            <int>0</int>
          </startNodeIndex>
          <distanceTravelledInMeters>
            <float>2.625</float>
            <float>9.99</float>
          </distanceTravelledInMeters>
          <reverseDirection>
            <boolean>false</boolean>
            <boolean>false</boolean>
          </reverseDirection>
          <loadWeightUSTons>78</loadWeightUSTons>
          <destinationTag>LB</destinationTag>
          <unitNumber>396825</unitNumber>
        </RailVehicleStateClass>
        <RailVehicleStateClass>
          <rvXMLfilename>R8_Reefer_PCF_57_SFRC.xml</rvXMLfilename>
          <unitType>US_Freightcar</unitType>
          <currentRoutePrefix>
            <int>100</int>
            <int>100</int>
          </currentRoutePrefix>
          <currentTrackSectionIndex>
            <int>5556</int>
            <int>5571</int>
          </currentTrackSectionIndex>
          <startNodeIndex>
            <int>0</int>
            <int>0</int>
          </startNodeIndex>
          <distanceTravelledInMeters>
            <float>7.72</float>
            <float>1.71</float>
          </distanceTravelledInMeters>
          <reverseDirection>
            <boolean>true</boolean>
            <boolean>true</boolean>
          </reverseDirection>
          <loadWeightUSTons>65.85</loadWeightUSTons>
          <destinationTag>LB</destinationTag>
          <unitNumber>209953</unitNumber>
        </RailVehicleStateClass>
        <RailVehicleStateClass>
          <rvXMLfilename>R8_Reefer_PCF_57_SFRC.xml</rvXMLfilename>
          <unitType>US_Freightcar</unitType>
          <currentRoutePrefix>
            <int>100</int>
            <int>100</int>
          </currentRoutePrefix>
          <currentTrackSectionIndex>
            <int>5571</int>
            <int>5572</int>
          </currentTrackSectionIndex>
          <startNodeIndex>
            <int>0</int>
            <int>0</int>
          </startNodeIndex>
          <distanceTravelledInMeters>
            <float>7.11</float>
            <float>1.1</float>
          </distanceTravelledInMeters>
          <reverseDirection>
            <boolean>true</boolean>
            <boolean>true</boolean>
          </reverseDirection>
          <loadWeightUSTons>65.85</loadWeightUSTons>
          <destinationTag>LB</destinationTag>
          <unitNumber>702749</unitNumber>
        </RailVehicleStateClass>
        <RailVehicleStateClass>
          <rvXMLfilename>R8_Boxcar_50ft_PlateF_WC01.xml</rvXMLfilename>
          <unitType>US_Freightcar</unitType>
          <currentRoutePrefix>
            <int>100</int>
            <int>100</int>
          </currentRoutePrefix>
          <currentTrackSectionIndex>
            <int>5572</int>
            <int>5572</int>
          </currentTrackSectionIndex>
          <startNodeIndex>
            <int>0</int>
            <int>0</int>
          </startNodeIndex>
          <distanceTravelledInMeters>
            <float>17.99</float>
            <float>6.235</float>
          </distanceTravelledInMeters>
          <reverseDirection>
            <boolean>false</boolean>
            <boolean>false</boolean>
          </reverseDirection>
          <loadWeightUSTons>105</loadWeightUSTons>
          <destinationTag>LB</destinationTag>
          <unitNumber>253664</unitNumber>
        </RailVehicleStateClass>
        <RailVehicleStateClass>
          <rvXMLfilename>R8_Reefer_TrinCool_64_ARMN.xml</rvXMLfilename>
          <unitType>US_Freightcar</unitType>
          <currentRoutePrefix>
            <int>100</int>
            <int>100</int>
          </currentRoutePrefix>
          <currentTrackSectionIndex>
            <int>5578</int>
            <int>5578</int>
          </currentTrackSectionIndex>
          <startNodeIndex>
            <int>0</int>
            <int>0</int>
          </startNodeIndex>
          <distanceTravelledInMeters>
            <float>18.185</float>
            <float>4.955</float>
          </distanceTravelledInMeters>
          <reverseDirection>
            <boolean>false</boolean>
            <boolean>false</boolean>
          </reverseDirection>
          <loadWeightUSTons>94</loadWeightUSTons>
          <destinationTag>WCL LB</destinationTag>
          <unitNumber>536944</unitNumber>
        </RailVehicleStateClass>
        <RailVehicleStateClass>
          <rvXMLfilename>R8_Bulkhead_Thrall_TTPX02.xml</rvXMLfilename>
          <unitType>US_Freightcar</unitType>
          <currentRoutePrefix>
            <int>100</int>
            <int>100</int>
          </currentRoutePrefix>
          <currentTrackSectionIndex>
            <int>5579</int>
            <int>5579</int>
          </currentTrackSectionIndex>
          <startNodeIndex>
            <int>0</int>
            <int>0</int>
          </startNodeIndex>
          <distanceTravelledInMeters>
            <float>6.6</float>
            <float>20.775</float>
          </distanceTravelledInMeters>
          <reverseDirection>
            <boolean>true</boolean>
            <boolean>true</boolean>
          </reverseDirection>
          <loadWeightUSTons>91</loadWeightUSTons>
          <destinationTag>WCL LB</destinationTag>
          <unitNumber>317144</unitNumber>
        </RailVehicleStateClass>
        <RailVehicleStateClass>
          <rvXMLfilename>R8_Gon_THR2743_DJJX01.xml</rvXMLfilename>
          <unitType>US_Freightcar</unitType>
          <currentRoutePrefix>
            <int>100</int>
            <int>100</int>
          </currentRoutePrefix>
          <currentTrackSectionIndex>
            <int>5579</int>
            <int>5579</int>
          </currentTrackSectionIndex>
          <startNodeIndex>
            <int>0</int>
            <int>0</int>
          </startNodeIndex>
          <distanceTravelledInMeters>
            <float>39.995</float>
            <float>26.75</float>
          </distanceTravelledInMeters>
          <reverseDirection>
            <boolean>false</boolean>
            <boolean>false</boolean>
          </reverseDirection>
          <loadWeightUSTons>0</loadWeightUSTons>
          <destinationTag>LB</destinationTag>
          <unitNumber>250946</unitNumber>
        </RailVehicleStateClass>
        <RailVehicleStateClass>
          <rvXMLfilename>R8_Gon_THR2494_GONX01.xml</rvXMLfilename>
          <unitType>US_Freightcar</unitType>
          <currentRoutePrefix>
            <int>100</int>
            <int>100</int>
          </currentRoutePrefix>
          <currentTrackSectionIndex>
            <int>5579</int>
            <int>5579</int>
          </currentTrackSectionIndex>
          <startNodeIndex>
            <int>0</int>
            <int>0</int>
          </startNodeIndex>
          <distanceTravelledInMeters>
            <float>57.425</float>
            <float>44.18</float>
          </distanceTravelledInMeters>
          <reverseDirection>
            <boolean>false</boolean>
            <boolean>false</boolean>
          </reverseDirection>
          <loadWeightUSTons>0</loadWeightUSTons>
          <destinationTag>LB</destinationTag>
          <unitNumber>839986</unitNumber>
        </RailVehicleStateClass>
        <RailVehicleStateClass>
          <rvXMLfilename>R8_Boxcar_FMC5347_SSW01.xml</rvXMLfilename>
          <unitType>US_Freightcar</unitType>
          <currentRoutePrefix>
            <int>100</int>
            <int>100</int>
          </currentRoutePrefix>
          <currentTrackSectionIndex>
            <int>5579</int>
            <int>5579</int>
          </currentTrackSectionIndex>
          <startNodeIndex>
            <int>0</int>
            <int>0</int>
          </startNodeIndex>
          <distanceTravelledInMeters>
            <float>61.915</float>
            <float>74.545</float>
          </distanceTravelledInMeters>
          <reverseDirection>
            <boolean>true</boolean>
            <boolean>true</boolean>
          </reverseDirection>
          <loadWeightUSTons>0</loadWeightUSTons>
          <destinationTag>LB</destinationTag>
          <unitNumber>531097</unitNumber>
        </RailVehicleStateClass>
        <RailVehicleStateClass>
          <rvXMLfilename>R8_Boxcar_50ft_PlateF_CN01.xml</rvXMLfilename>
          <unitType>US_Freightcar</unitType>
          <currentRoutePrefix>
            <int>100</int>
            <int>100</int>
          </currentRoutePrefix>
          <currentTrackSectionIndex>
            <int>5579</int>
            <int>5579</int>
          </currentTrackSectionIndex>
          <startNodeIndex>
            <int>0</int>
            <int>0</int>
          </startNodeIndex>
          <distanceTravelledInMeters>
            <float>91.13</float>
            <float>79.375</float>
          </distanceTravelledInMeters>
          <reverseDirection>
            <boolean>false</boolean>
            <boolean>false</boolean>
          </reverseDirection>
          <loadWeightUSTons>0</loadWeightUSTons>
          <destinationTag>LB</destinationTag>
          <unitNumber>822458</unitNumber>
        </RailVehicleStateClass>
        <RailVehicleStateClass>
          <rvXMLfilename>Run8_Tank105_BNSF.xml</rvXMLfilename>
          <unitType>US_Freightcar</unitType>
          <currentRoutePrefix>
            <int>100</int>
            <int>100</int>
          </currentRoutePrefix>
          <currentTrackSectionIndex>
            <int>5579</int>
            <int>5579</int>
          </currentTrackSectionIndex>
          <startNodeIndex>
            <int>0</int>
            <int>0</int>
          </startNodeIndex>
          <distanceTravelledInMeters>
            <float>106.58</float>
            <float>95.635</float>
          </distanceTravelledInMeters>
          <reverseDirection>
            <boolean>false</boolean>
            <boolean>false</boolean>
          </reverseDirection>
          <loadWeightUSTons>96</loadWeightUSTons>
          <destinationTag>LB</destinationTag>
          <unitNumber>636612</unitNumber>
        </RailVehicleStateClass>
        <RailVehicleStateClass>
          <rvXMLfilename>Run8_Tank107SanFe01.xml</rvXMLfilename>
          <unitType>US_Freightcar</unitType>
          <currentRoutePrefix>
            <int>100</int>
            <int>100</int>
          </currentRoutePrefix>
          <currentTrackSectionIndex>
            <int>5579</int>
            <int>5579</int>
          </currentTrackSectionIndex>
          <startNodeIndex>
            <int>0</int>
            <int>0</int>
          </startNodeIndex>
          <distanceTravelledInMeters>
            <float>124.67</float>
            <float>110.74</float>
          </distanceTravelledInMeters>
          <reverseDirection>
            <boolean>false</boolean>
            <boolean>false</boolean>
          </reverseDirection>
          <loadWeightUSTons>103.25</loadWeightUSTons>
          <destinationTag>LB</destinationTag>
          <unitNumber>544678</unitNumber>
        </RailVehicleStateClass>
        <RailVehicleStateClass>
          <rvXMLfilename>R8_CoveredHopper_Trin3281_GACX01.xml</rvXMLfilename>
          <unitType>US_Freightcar</unitType>
          <currentRoutePrefix>
            <int>100</int>
            <int>100</int>
          </currentRoutePrefix>
          <currentTrackSectionIndex>
            <int>5579</int>
            <int>5579</int>
          </currentTrackSectionIndex>
          <startNodeIndex>
            <int>0</int>
            <int>0</int>
          </startNodeIndex>
          <distanceTravelledInMeters>
            <float>128.485</float>
            <float>137.785</float>
          </distanceTravelledInMeters>
          <reverseDirection>
            <boolean>true</boolean>
            <boolean>true</boolean>
          </reverseDirection>
          <loadWeightUSTons>0</loadWeightUSTons>
          <destinationTag>LB</destinationTag>
          <unitNumber>221683</unitNumber>
        </RailVehicleStateClass>
        <RailVehicleStateClass>
          <rvXMLfilename>R8_Gon_GSC3242_SP01.xml</rvXMLfilename>
          <unitType>US_Freightcar</unitType>
          <currentRoutePrefix>
            <int>100</int>
            <int>100</int>
          </currentRoutePrefix>
          <currentTrackSectionIndex>
            <int>5579</int>
            <int>5579</int>
          </currentTrackSectionIndex>
          <startNodeIndex>
            <int>0</int>
            <int>0</int>
          </startNodeIndex>
          <distanceTravelledInMeters>
            <float>158.82</float>
            <float>141.58</float>
          </distanceTravelledInMeters>
          <reverseDirection>
            <boolean>false</boolean>
            <boolean>false</boolean>
          </reverseDirection>
          <loadWeightUSTons>0</loadWeightUSTons>
          <destinationTag>LB</destinationTag>
          <unitNumber>217743</unitNumber>
        </RailVehicleStateClass>
        <RailVehicleStateClass>
          <rvXMLfilename>R8_Reefer_PCF_57_rbld_ARMN.xml</rvXMLfilename>
          <unitType>US_Freightcar</unitType>
          <currentRoutePrefix>
            <int>100</int>
            <int>100</int>
          </currentRoutePrefix>
          <currentTrackSectionIndex>
            <int>5579</int>
            <int>5579</int>
          </currentTrackSectionIndex>
          <startNodeIndex>
            <int>0</int>
            <int>0</int>
          </startNodeIndex>
          <distanceTravelledInMeters>
            <float>177.58</float>
            <float>163.59</float>
          </distanceTravelledInMeters>
          <reverseDirection>
            <boolean>false</boolean>
            <boolean>false</boolean>
          </reverseDirection>
          <loadWeightUSTons>65.85</loadWeightUSTons>
          <destinationTag>LB</destinationTag>
          <unitNumber>534807</unitNumber>
        </RailVehicleStateClass>
        <RailVehicleStateClass>
          <rvXMLfilename>R8_C14Hopper_BNSF01.xml</rvXMLfilename>
          <unitType>US_Freightcar</unitType>
          <currentRoutePrefix>
            <int>100</int>
            <int>100</int>
          </currentRoutePrefix>
          <currentTrackSectionIndex>
            <int>5579</int>
            <int>5579</int>
          </currentTrackSectionIndex>
          <startNodeIndex>
            <int>0</int>
            <int>0</int>
          </startNodeIndex>
          <distanceTravelledInMeters>
            <float>182.255</float>
            <float>196.72</float>
          </distanceTravelledInMeters>
          <reverseDirection>
            <boolean>true</boolean>
            <boolean>true</boolean>
          </reverseDirection>
          <loadWeightUSTons>0</loadWeightUSTons>
          <destinationTag>LB</destinationTag>
          <unitNumber>263691</unitNumber>
        </RailVehicleStateClass>
        <RailVehicleStateClass>
          <rvXMLfilename>Run8_Tank105_AGFX.xml</rvXMLfilename>
          <unitType>US_Freightcar</unitType>
          <currentRoutePrefix>
            <int>100</int>
            <int>100</int>
          </currentRoutePrefix>
          <currentTrackSectionIndex>
            <int>5579</int>
            <int>5579</int>
          </currentTrackSectionIndex>
          <startNodeIndex>
            <int>0</int>
            <int>0</int>
          </startNodeIndex>
          <distanceTravelledInMeters>
            <float>211.705</float>
            <float>200.76</float>
          </distanceTravelledInMeters>
          <reverseDirection>
            <boolean>false</boolean>
            <boolean>false</boolean>
          </reverseDirection>
          <loadWeightUSTons>0</loadWeightUSTons>
          <destinationTag>LB</destinationTag>
          <unitNumber>123159</unitNumber>
        </RailVehicleStateClass>
        <RailVehicleStateClass>
          <rvXMLfilename>Run8_Tank107UTLXblk.xml</rvXMLfilename>
          <unitType>US_Freightcar</unitType>
          <currentRoutePrefix>
            <int>100</int>
            <int>100</int>
          </currentRoutePrefix>
          <currentTrackSectionIndex>
            <int>5579</int>
            <int>5579</int>
          </currentTrackSectionIndex>
          <startNodeIndex>
            <int>0</int>
            <int>0</int>
          </startNodeIndex>
          <distanceTravelledInMeters>
            <float>215.865</float>
            <float>229.795</float>
          </distanceTravelledInMeters>
          <reverseDirection>
            <boolean>true</boolean>
            <boolean>true</boolean>
          </reverseDirection>
          <loadWeightUSTons>0</loadWeightUSTons>
          <destinationTag>LB</destinationTag>
          <unitNumber>885909</unitNumber>
        </RailVehicleStateClass>
        <RailVehicleStateClass>
          <rvXMLfilename>Run8_Tank107BNSF01.xml</rvXMLfilename>
          <unitType>US_Freightcar</unitType>
          <currentRoutePrefix>
            <int>100</int>
            <int>100</int>
          </currentRoutePrefix>
          <currentTrackSectionIndex>
            <int>5579</int>
            <int>5579</int>
          </currentTrackSectionIndex>
          <startNodeIndex>
            <int>0</int>
            <int>0</int>
          </startNodeIndex>
          <distanceTravelledInMeters>
            <float>233.975</float>
            <float>247.905</float>
          </distanceTravelledInMeters>
          <reverseDirection>
            <boolean>true</boolean>
            <boolean>true</boolean>
          </reverseDirection>
          <loadWeightUSTons>0</loadWeightUSTons>
          <destinationTag>LB</destinationTag>
          <unitNumber>141849</unitNumber>
        </RailVehicleStateClass>
        <RailVehicleStateClass>
          <rvXMLfilename>R8_Boxcar_FMC5347_RBOX01.xml</rvXMLfilename>
          <unitType>US_Freightcar</unitType>
          <currentRoutePrefix>
            <int>100</int>
            <int>100</int>
          </currentRoutePrefix>
          <currentTrackSectionIndex>
            <int>5579</int>
            <int>5580</int>
          </currentTrackSectionIndex>
          <startNodeIndex>
            <int>0</int>
            <int>0</int>
          </startNodeIndex>
          <distanceTravelledInMeters>
            <float>252.39</float>
            <float>0.025</float>
          </distanceTravelledInMeters>
          <reverseDirection>
            <boolean>true</boolean>
            <boolean>true</boolean>
          </reverseDirection>
          <loadWeightUSTons>78.65</loadWeightUSTons>
          <destinationTag>LB</destinationTag>
          <unitNumber>111118</unitNumber>
        </RailVehicleStateClass>
        <RailVehicleStateClass>
          <rvXMLfilename>R8_Boxcar_50ft_PlateF_CEFX01.xml</rvXMLfilename>
          <unitType>US_Freightcar</unitType>
          <currentRoutePrefix>
            <int>100</int>
            <int>100</int>
          </currentRoutePrefix>
          <currentTrackSectionIndex>
            <int>5580</int>
            <int>5580</int>
          </currentTrackSectionIndex>
          <startNodeIndex>
            <int>0</int>
            <int>0</int>
          </startNodeIndex>
          <distanceTravelledInMeters>
            <float>4.86</float>
            <float>16.615</float>
          </distanceTravelledInMeters>
          <reverseDirection>
            <boolean>true</boolean>
            <boolean>true</boolean>
          </reverseDirection>
          <loadWeightUSTons>105.9</loadWeightUSTons>
          <destinationTag>LB</destinationTag>
          <unitNumber>140582</unitNumber>
        </RailVehicleStateClass>
        <RailVehicleStateClass>
          <rvXMLfilename>R8_Boxcar_50ft_PlateF_CN01.xml</rvXMLfilename>
          <unitType>US_Freightcar</unitType>
          <currentRoutePrefix>
            <int>100</int>
            <int>100</int>
          </currentRoutePrefix>
          <currentTrackSectionIndex>
            <int>5586</int>
            <int>5586</int>
          </currentTrackSectionIndex>
          <startNodeIndex>
            <int>0</int>
            <int>0</int>
          </startNodeIndex>
          <distanceTravelledInMeters>
            <float>2.08737779</float>
            <float>13.8373775</float>
          </distanceTravelledInMeters>
          <reverseDirection>
            <boolean>true</boolean>
            <boolean>true</boolean>
          </reverseDirection>
          <loadWeightUSTons>105.9</loadWeightUSTons>
          <destinationTag>LB</destinationTag>
          <unitNumber>515084</unitNumber>
        </RailVehicleStateClass>
        <RailVehicleStateClass>
          <rvXMLfilename>R8_Boxcar_FMC5347_RBOX01.xml</rvXMLfilename>
          <unitType>US_Freightcar</unitType>
          <currentRoutePrefix>
            <int>100</int>
            <int>100</int>
          </currentRoutePrefix>
          <currentTrackSectionIndex>
            <int>5586</int>
            <int>5586</int>
          </currentTrackSectionIndex>
          <startNodeIndex>
            <int>0</int>
            <int>0</int>
          </startNodeIndex>
          <distanceTravelledInMeters>
            <float>31.3073769</float>
            <float>18.6723785</float>
          </distanceTravelledInMeters>
          <reverseDirection>
            <boolean>false</boolean>
            <boolean>false</boolean>
          </reverseDirection>
          <loadWeightUSTons>78.65</loadWeightUSTons>
          <destinationTag>LB</destinationTag>
          <unitNumber>818314</unitNumber>
        </RailVehicleStateClass>
        <RailVehicleStateClass>
          <rvXMLfilename>R8_Boxcar_50ft_PlateF_CSX01.xml</rvXMLfilename>
          <unitType>US_Freightcar</unitType>
          <currentRoutePrefix>
            <int>100</int>
            <int>100</int>
          </currentRoutePrefix>
          <currentTrackSectionIndex>
            <int>5586</int>
            <int>5586</int>
          </currentTrackSectionIndex>
          <startNodeIndex>
            <int>0</int>
            <int>0</int>
          </startNodeIndex>
          <distanceTravelledInMeters>
            <float>47.8923759</float>
            <float>36.1423759</float>
          </distanceTravelledInMeters>
          <reverseDirection>
            <boolean>false</boolean>
            <boolean>false</boolean>
          </reverseDirection>
          <loadWeightUSTons>105.9</loadWeightUSTons>
          <destinationTag>LB</destinationTag>
          <unitNumber>639438</unitNumber>
        </RailVehicleStateClass>
        <RailVehicleStateClass>
          <rvXMLfilename>R8_C14Hopper_CAGX01.xml</rvXMLfilename>
          <unitType>US_Freightcar</unitType>
          <currentRoutePrefix>
            <int>100</int>
            <int>100</int>
          </currentRoutePrefix>
          <currentTrackSectionIndex>
            <int>5586</int>
            <int>5586</int>
          </currentTrackSectionIndex>
          <startNodeIndex>
            <int>0</int>
            <int>0</int>
          </startNodeIndex>
          <distanceTravelledInMeters>
            <float>66.7623749</float>
            <float>52.30238</float>
          </distanceTravelledInMeters>
          <reverseDirection>
            <boolean>false</boolean>
            <boolean>false</boolean>
          </reverseDirection>
          <loadWeightUSTons>0</loadWeightUSTons>
          <destinationTag>LB</destinationTag>
          <unitNumber>813745</unitNumber>
        </RailVehicleStateClass>
      </unitLoaderList>
    </TrainLoader>
  </trainList>
  <flagList />
  <cameraXYZ>
    <X>391.93515</X>
    <Y>861.937439</Y>
    <Z>-847.557434</Z>
  </cameraXYZ>
  <camRotationXYZ>
    <X>-0.01606673</X>
    <Y>-7.106278</Y>
    <Z>0</Z>
  </camRotationXYZ>
  <camTileXZ>
    <x>90</x>
    <z>7</z>
  </camTileXZ>
  <date>2021-05-17T08:26:16.7366256Z</date>
  <saveGameType>Train</saveGameType>
  <signals />
  <switches />
  <description />
  <trackBulletins />
</ScnLoader>