<?xml version="1.0"?>
<ScnLoader xmlns:xsd="http://www.w3.org/2001/XMLSchema" xmlns:xsi="http://www.w3.org/2001/XMLSchema-instance">
  <trainList>
    <TrainLoader>
      <trainID>33969</trainID>
      <TrainWasAI>false</TrainWasAI>
      <DispatchTrainDirection>0</DispatchTrainDirection>
      <ManuallyAppliedSpeedLimitMPH>2147483647</ManuallyAppliedSpeedLimitMPH>
      <PreviousSignalInstruction>Clear</PreviousSignalInstruction>
      <unitLoaderList>
        <RailVehicleStateClass>
          <rvXMLfilename>Run8_ES44DC.xml</rvXMLfilename>
          <unitType>US_DieselEngine</unitType>
          <currentRoutePrefix>
            <int>100</int>
            <int>100</int>
          </currentRoutePrefix>
          <currentTrackSectionIndex>
            <int>5551</int>
            <int>5552</int>
          </currentTrackSectionIndex>
          <startNodeIndex>
            <int>0</int>
            <int>0</int>
          </startNodeIndex>
          <distanceTravelledInMeters>
            <float>18.385</float>
            <float>12.495</float>
          </distanceTravelledInMeters>
          <reverseDirection>
            <boolean>true</boolean>
            <boolean>true</boolean>
          </reverseDirection>
          <loadWeightUSTons>14.916399</loadWeightUSTons>
          <destinationTag>S-LBTWSP9-Inter Cont 01</destinationTag>
          <unitNumber>7335</unitNumber>
        </RailVehicleStateClass>
        <RailVehicleStateClass>
          <rvXMLfilename>Run8_SD70ACE_BNSF01.xml</rvXMLfilename>
          <unitType>US_DieselEngine</unitType>
          <currentRoutePrefix>
            <int>100</int>
            <int>100</int>
          </currentRoutePrefix>
          <currentTrackSectionIndex>
            <int>5553</int>
            <int>5553</int>
          </currentTrackSectionIndex>
          <startNodeIndex>
            <int>0</int>
            <int>0</int>
          </startNodeIndex>
          <distanceTravelledInMeters>
            <float>0.59</float>
            <float>15.31</float>
          </distanceTravelledInMeters>
          <reverseDirection>
            <boolean>true</boolean>
            <boolean>true</boolean>
          </reverseDirection>
          <loadWeightUSTons>11.665555</loadWeightUSTons>
          <destinationTag>None</destinationTag>
          <unitNumber>9173</unitNumber>
        </RailVehicleStateClass>
        <RailVehicleStateClass>
          <rvXMLfilename>Run8_ES44DC.xml</rvXMLfilename>
          <unitType>US_DieselEngine</unitType>
          <currentRoutePrefix>
            <int>100</int>
            <int>100</int>
          </currentRoutePrefix>
          <currentTrackSectionIndex>
            <int>5553</int>
            <int>5553</int>
          </currentTrackSectionIndex>
          <startNodeIndex>
            <int>0</int>
            <int>0</int>
          </startNodeIndex>
          <distanceTravelledInMeters>
            <float>23.405</float>
            <float>37.515</float>
          </distanceTravelledInMeters>
          <reverseDirection>
            <boolean>true</boolean>
            <boolean>true</boolean>
          </reverseDirection>
          <loadWeightUSTons>9.993129</loadWeightUSTons>
          <destinationTag>None</destinationTag>
          <unitNumber>7258</unitNumber>
        </RailVehicleStateClass>
        <RailVehicleStateClass>
          <rvXMLfilename>Run8_ES44DC_BNSF.xml</rvXMLfilename>
          <unitType>US_DieselEngine</unitType>
          <currentRoutePrefix>
            <int>100</int>
            <int>100</int>
          </currentRoutePrefix>
          <currentTrackSectionIndex>
            <int>5553</int>
            <int>5553</int>
          </currentTrackSectionIndex>
          <startNodeIndex>
            <int>0</int>
            <int>0</int>
          </startNodeIndex>
          <distanceTravelledInMeters>
            <float>59.865</float>
            <float>45.755</float>
          </distanceTravelledInMeters>
          <reverseDirection>
            <boolean>false</boolean>
            <boolean>false</boolean>
          </reverseDirection>
          <loadWeightUSTons>13.7934027</loadWeightUSTons>
          <destinationTag>None</destinationTag>
          <unitNumber>7672</unitNumber>
        </RailVehicleStateClass>
        <RailVehicleStateClass>
          <rvXMLfilename>Run8_52ftwell_1NFI.xml</rvXMLfilename>
          <unitType>US_Freightcar</unitType>
          <currentRoutePrefix>
            <int>100</int>
            <int>100</int>
          </currentRoutePrefix>
          <currentTrackSectionIndex>
            <int>5553</int>
            <int>5553</int>
          </currentTrackSectionIndex>
          <startNodeIndex>
            <int>0</int>
            <int>0</int>
          </startNodeIndex>
          <distanceTravelledInMeters>
            <float>84.245</float>
            <float>65.4</float>
          </distanceTravelledInMeters>
          <reverseDirection>
            <boolean>false</boolean>
            <boolean>false</boolean>
          </reverseDirection>
          <loadWeightUSTons>33</loadWeightUSTons>
          <destinationTag>None</destinationTag>
          <unitNumber>974087</unitNumber>
        </RailVehicleStateClass>
        <RailVehicleStateClass>
          <rvXMLfilename>Run8_52ftwell_1NFI.xml</rvXMLfilename>
          <unitType>US_Freightcar</unitType>
          <currentRoutePrefix>
            <int>100</int>
            <int>100</int>
          </currentRoutePrefix>
          <currentTrackSectionIndex>
            <int>5553</int>
            <int>5553</int>
          </currentTrackSectionIndex>
          <startNodeIndex>
            <int>0</int>
            <int>0</int>
          </startNodeIndex>
          <distanceTravelledInMeters>
            <float>105.915</float>
            <float>87.07</float>
          </distanceTravelledInMeters>
          <reverseDirection>
            <boolean>false</boolean>
            <boolean>false</boolean>
          </reverseDirection>
          <loadWeightUSTons>33</loadWeightUSTons>
          <destinationTag>None</destinationTag>
          <unitNumber>196778</unitNumber>
        </RailVehicleStateClass>
        <RailVehicleStateClass>
          <rvXMLfilename>Run8_52ftwell_2KLine.xml</rvXMLfilename>
          <unitType>US_Freightcar</unitType>
          <currentRoutePrefix>
            <int>100</int>
            <int>100</int>
          </currentRoutePrefix>
          <currentTrackSectionIndex>
            <int>5553</int>
            <int>5553</int>
          </currentTrackSectionIndex>
          <startNodeIndex>
            <int>0</int>
            <int>0</int>
          </startNodeIndex>
          <distanceTravelledInMeters>
            <float>108.745</float>
            <float>127.585</float>
          </distanceTravelledInMeters>
          <reverseDirection>
            <boolean>true</boolean>
            <boolean>true</boolean>
          </reverseDirection>
          <loadWeightUSTons>48</loadWeightUSTons>
          <destinationTag>None</destinationTag>
          <unitNumber>209586</unitNumber>
        </RailVehicleStateClass>
        <RailVehicleStateClass>
          <rvXMLfilename>Run8_52ftwell_2NFI.xml</rvXMLfilename>
          <unitType>US_Freightcar</unitType>
          <currentRoutePrefix>
            <int>100</int>
            <int>100</int>
          </currentRoutePrefix>
          <currentTrackSectionIndex>
            <int>5553</int>
            <int>5553</int>
          </currentTrackSectionIndex>
          <startNodeIndex>
            <int>0</int>
            <int>0</int>
          </startNodeIndex>
          <distanceTravelledInMeters>
            <float>130.41</float>
            <float>149.255</float>
          </distanceTravelledInMeters>
          <reverseDirection>
            <boolean>true</boolean>
            <boolean>true</boolean>
          </reverseDirection>
          <loadWeightUSTons>48</loadWeightUSTons>
          <destinationTag>None</destinationTag>
          <unitNumber>313064</unitNumber>
        </RailVehicleStateClass>
        <RailVehicleStateClass>
          <rvXMLfilename>Run8_52ftwell_53_40_Hyundai.xml</rvXMLfilename>
          <unitType>US_Freightcar</unitType>
          <currentRoutePrefix>
            <int>100</int>
            <int>100</int>
          </currentRoutePrefix>
          <currentTrackSectionIndex>
            <int>5553</int>
            <int>5553</int>
          </currentTrackSectionIndex>
          <startNodeIndex>
            <int>0</int>
            <int>0</int>
          </startNodeIndex>
          <distanceTravelledInMeters>
            <float>170.92</float>
            <float>152.08</float>
          </distanceTravelledInMeters>
          <reverseDirection>
            <boolean>false</boolean>
            <boolean>false</boolean>
          </reverseDirection>
          <loadWeightUSTons>48</loadWeightUSTons>
          <destinationTag>None</destinationTag>
          <unitNumber>907046</unitNumber>
        </RailVehicleStateClass>
        <RailVehicleStateClass>
          <rvXMLfilename>Run8_52ftwell_53_40_MaerskChina.xml</rvXMLfilename>
          <unitType>US_Freightcar</unitType>
          <currentRoutePrefix>
            <int>100</int>
            <int>100</int>
          </currentRoutePrefix>
          <currentTrackSectionIndex>
            <int>5553</int>
            <int>5553</int>
          </currentTrackSectionIndex>
          <startNodeIndex>
            <int>0</int>
            <int>0</int>
          </startNodeIndex>
          <distanceTravelledInMeters>
            <float>173.75</float>
            <float>192.59</float>
          </distanceTravelledInMeters>
          <reverseDirection>
            <boolean>true</boolean>
            <boolean>true</boolean>
          </reverseDirection>
          <loadWeightUSTons>48</loadWeightUSTons>
          <destinationTag>None</destinationTag>
          <unitNumber>424110</unitNumber>
        </RailVehicleStateClass>
        <RailVehicleStateClass>
          <rvXMLfilename>Run8_52ftwell_53_40_China_Hyundai.xml</rvXMLfilename>
          <unitType>US_Freightcar</unitType>
          <currentRoutePrefix>
            <int>100</int>
            <int>100</int>
          </currentRoutePrefix>
          <currentTrackSectionIndex>
            <int>5553</int>
            <int>5553</int>
          </currentTrackSectionIndex>
          <startNodeIndex>
            <int>0</int>
            <int>0</int>
          </startNodeIndex>
          <distanceTravelledInMeters>
            <float>214.255</float>
            <float>195.415</float>
          </distanceTravelledInMeters>
          <reverseDirection>
            <boolean>false</boolean>
            <boolean>false</boolean>
          </reverseDirection>
          <loadWeightUSTons>48</loadWeightUSTons>
          <destinationTag>None</destinationTag>
          <unitNumber>500175</unitNumber>
        </RailVehicleStateClass>
        <RailVehicleStateClass>
          <rvXMLfilename>Run8_52ftwell_53_40_China_Hyundai.xml</rvXMLfilename>
          <unitType>US_Freightcar</unitType>
          <currentRoutePrefix>
            <int>100</int>
            <int>100</int>
          </currentRoutePrefix>
          <currentTrackSectionIndex>
            <int>5553</int>
            <int>5553</int>
          </currentTrackSectionIndex>
          <startNodeIndex>
            <int>0</int>
            <int>0</int>
          </startNodeIndex>
          <distanceTravelledInMeters>
            <float>235.92</float>
            <float>217.08</float>
          </distanceTravelledInMeters>
          <reverseDirection>
            <boolean>false</boolean>
            <boolean>false</boolean>
          </reverseDirection>
          <loadWeightUSTons>48</loadWeightUSTons>
          <destinationTag>None</destinationTag>
          <unitNumber>913217</unitNumber>
        </RailVehicleStateClass>
        <RailVehicleStateClass>
          <rvXMLfilename>Run8_52ftwell_53_40_China_Maersk.xml</rvXMLfilename>
          <unitType>US_Freightcar</unitType>
          <currentRoutePrefix>
            <int>100</int>
            <int>100</int>
          </currentRoutePrefix>
          <currentTrackSectionIndex>
            <int>5553</int>
            <int>5553</int>
          </currentTrackSectionIndex>
          <startNodeIndex>
            <int>0</int>
            <int>0</int>
          </startNodeIndex>
          <distanceTravelledInMeters>
            <float>257.59</float>
            <float>238.745</float>
          </distanceTravelledInMeters>
          <reverseDirection>
            <boolean>false</boolean>
            <boolean>false</boolean>
          </reverseDirection>
          <loadWeightUSTons>48</loadWeightUSTons>
          <destinationTag>None</destinationTag>
          <unitNumber>479226</unitNumber>
        </RailVehicleStateClass>
        <RailVehicleStateClass>
          <rvXMLfilename>Run8_52ftwell_1China.xml</rvXMLfilename>
          <unitType>US_Freightcar</unitType>
          <currentRoutePrefix>
            <int>100</int>
            <int>100</int>
          </currentRoutePrefix>
          <currentTrackSectionIndex>
            <int>5554</int>
            <int>5553</int>
          </currentTrackSectionIndex>
          <startNodeIndex>
            <int>0</int>
            <int>0</int>
          </startNodeIndex>
          <distanceTravelledInMeters>
            <float>9.255</float>
            <float>260.41</float>
          </distanceTravelledInMeters>
          <reverseDirection>
            <boolean>false</boolean>
            <boolean>false</boolean>
          </reverseDirection>
          <loadWeightUSTons>33</loadWeightUSTons>
          <destinationTag>None</destinationTag>
          <unitNumber>215651</unitNumber>
        </RailVehicleStateClass>
        <RailVehicleStateClass>
          <rvXMLfilename>Run8_52ftwell_2China.xml</rvXMLfilename>
          <unitType>US_Freightcar</unitType>
          <currentRoutePrefix>
            <int>100</int>
            <int>100</int>
          </currentRoutePrefix>
          <currentTrackSectionIndex>
            <int>5554</int>
            <int>5554</int>
          </currentTrackSectionIndex>
          <startNodeIndex>
            <int>0</int>
            <int>0</int>
          </startNodeIndex>
          <distanceTravelledInMeters>
            <float>12.075</float>
            <float>30.92</float>
          </distanceTravelledInMeters>
          <reverseDirection>
            <boolean>true</boolean>
            <boolean>true</boolean>
          </reverseDirection>
          <loadWeightUSTons>48</loadWeightUSTons>
          <destinationTag>None</destinationTag>
          <unitNumber>254951</unitNumber>
        </RailVehicleStateClass>
        <RailVehicleStateClass>
          <rvXMLfilename>Run8_52ftwell_2Maersk.xml</rvXMLfilename>
          <unitType>US_Freightcar</unitType>
          <currentRoutePrefix>
            <int>100</int>
            <int>100</int>
          </currentRoutePrefix>
          <currentTrackSectionIndex>
            <int>5554</int>
            <int>5554</int>
          </currentTrackSectionIndex>
          <startNodeIndex>
            <int>0</int>
            <int>0</int>
          </startNodeIndex>
          <distanceTravelledInMeters>
            <float>52.59</float>
            <float>33.745</float>
          </distanceTravelledInMeters>
          <reverseDirection>
            <boolean>false</boolean>
            <boolean>false</boolean>
          </reverseDirection>
          <loadWeightUSTons>48</loadWeightUSTons>
          <destinationTag>None</destinationTag>
          <unitNumber>659818</unitNumber>
        </RailVehicleStateClass>
        <RailVehicleStateClass>
          <rvXMLfilename>Run8_52ftwell_1NFI.xml</rvXMLfilename>
          <unitType>US_Freightcar</unitType>
          <currentRoutePrefix>
            <int>100</int>
            <int>100</int>
          </currentRoutePrefix>
          <currentTrackSectionIndex>
            <int>5554</int>
            <int>5554</int>
          </currentTrackSectionIndex>
          <startNodeIndex>
            <int>0</int>
            <int>0</int>
          </startNodeIndex>
          <distanceTravelledInMeters>
            <float>55.41</float>
            <float>74.255</float>
          </distanceTravelledInMeters>
          <reverseDirection>
            <boolean>true</boolean>
            <boolean>true</boolean>
          </reverseDirection>
          <loadWeightUSTons>33</loadWeightUSTons>
          <destinationTag>None</destinationTag>
          <unitNumber>567571</unitNumber>
        </RailVehicleStateClass>
        <RailVehicleStateClass>
          <rvXMLfilename>Run8_52ftwell_53_40_Evergreen.xml</rvXMLfilename>
          <unitType>US_Freightcar</unitType>
          <currentRoutePrefix>
            <int>100</int>
            <int>100</int>
          </currentRoutePrefix>
          <currentTrackSectionIndex>
            <int>5554</int>
            <int>5554</int>
          </currentTrackSectionIndex>
          <startNodeIndex>
            <int>0</int>
            <int>0</int>
          </startNodeIndex>
          <distanceTravelledInMeters>
            <float>77.075</float>
            <float>95.915</float>
          </distanceTravelledInMeters>
          <reverseDirection>
            <boolean>true</boolean>
            <boolean>true</boolean>
          </reverseDirection>
          <loadWeightUSTons>48</loadWeightUSTons>
          <destinationTag>None</destinationTag>
          <unitNumber>873183</unitNumber>
        </RailVehicleStateClass>
        <RailVehicleStateClass>
          <rvXMLfilename>Run8_52ftwell_53_40_SeastarEvergreen.xml</rvXMLfilename>
          <unitType>US_Freightcar</unitType>
          <currentRoutePrefix>
            <int>100</int>
            <int>100</int>
          </currentRoutePrefix>
          <currentTrackSectionIndex>
            <int>5554</int>
            <int>5554</int>
          </currentTrackSectionIndex>
          <startNodeIndex>
            <int>0</int>
            <int>0</int>
          </startNodeIndex>
          <distanceTravelledInMeters>
            <float>98.745</float>
            <float>117.59</float>
          </distanceTravelledInMeters>
          <reverseDirection>
            <boolean>true</boolean>
            <boolean>true</boolean>
          </reverseDirection>
          <loadWeightUSTons>48</loadWeightUSTons>
          <destinationTag>None</destinationTag>
          <unitNumber>712085</unitNumber>
        </RailVehicleStateClass>
        <RailVehicleStateClass>
          <rvXMLfilename>Run8_52ftwell_53_40_NFIMaersk.xml</rvXMLfilename>
          <unitType>US_Freightcar</unitType>
          <currentRoutePrefix>
            <int>100</int>
            <int>100</int>
          </currentRoutePrefix>
          <currentTrackSectionIndex>
            <int>5554</int>
            <int>5554</int>
          </currentTrackSectionIndex>
          <startNodeIndex>
            <int>0</int>
            <int>0</int>
          </startNodeIndex>
          <distanceTravelledInMeters>
            <float>139.25</float>
            <float>120.41</float>
          </distanceTravelledInMeters>
          <reverseDirection>
            <boolean>false</boolean>
            <boolean>false</boolean>
          </reverseDirection>
          <loadWeightUSTons>48</loadWeightUSTons>
          <destinationTag>None</destinationTag>
          <unitNumber>966769</unitNumber>
        </RailVehicleStateClass>
        <RailVehicleStateClass>
          <rvXMLfilename>Run8_52ftwell_53_40_China_Hyundai.xml</rvXMLfilename>
          <unitType>US_Freightcar</unitType>
          <currentRoutePrefix>
            <int>100</int>
            <int>100</int>
          </currentRoutePrefix>
          <currentTrackSectionIndex>
            <int>5554</int>
            <int>5554</int>
          </currentTrackSectionIndex>
          <startNodeIndex>
            <int>0</int>
            <int>0</int>
          </startNodeIndex>
          <distanceTravelledInMeters>
            <float>142.07</float>
            <float>160.915</float>
          </distanceTravelledInMeters>
          <reverseDirection>
            <boolean>true</boolean>
            <boolean>true</boolean>
          </reverseDirection>
          <loadWeightUSTons>48</loadWeightUSTons>
          <destinationTag>None</destinationTag>
          <unitNumber>682863</unitNumber>
        </RailVehicleStateClass>
        <RailVehicleStateClass>
          <rvXMLfilename>Run8_52ftwell_53_40_China_NFI.xml</rvXMLfilename>
          <unitType>US_Freightcar</unitType>
          <currentRoutePrefix>
            <int>100</int>
            <int>100</int>
          </currentRoutePrefix>
          <currentTrackSectionIndex>
            <int>5554</int>
            <int>5554</int>
          </currentTrackSectionIndex>
          <startNodeIndex>
            <int>0</int>
            <int>0</int>
          </startNodeIndex>
          <distanceTravelledInMeters>
            <float>163.735</float>
            <float>182.575</float>
          </distanceTravelledInMeters>
          <reverseDirection>
            <boolean>true</boolean>
            <boolean>true</boolean>
          </reverseDirection>
          <loadWeightUSTons>48</loadWeightUSTons>
          <destinationTag>None</destinationTag>
          <unitNumber>540222</unitNumber>
        </RailVehicleStateClass>
        <RailVehicleStateClass>
          <rvXMLfilename>Run8_52ftwell_2Hanjin.xml</rvXMLfilename>
          <unitType>US_Freightcar</unitType>
          <currentRoutePrefix>
            <int>100</int>
            <int>100</int>
          </currentRoutePrefix>
          <currentTrackSectionIndex>
            <int>5554</int>
            <int>5554</int>
          </currentTrackSectionIndex>
          <startNodeIndex>
            <int>0</int>
            <int>0</int>
          </startNodeIndex>
          <distanceTravelledInMeters>
            <float>185.395</float>
            <float>204.24</float>
          </distanceTravelledInMeters>
          <reverseDirection>
            <boolean>true</boolean>
            <boolean>true</boolean>
          </reverseDirection>
          <loadWeightUSTons>48</loadWeightUSTons>
          <destinationTag>None</destinationTag>
          <unitNumber>216436</unitNumber>
        </RailVehicleStateClass>
        <RailVehicleStateClass>
          <rvXMLfilename>Run8_52ftwell_53_40_NFIMaersk.xml</rvXMLfilename>
          <unitType>US_Freightcar</unitType>
          <currentRoutePrefix>
            <int>100</int>
            <int>100</int>
          </currentRoutePrefix>
          <currentTrackSectionIndex>
            <int>5554</int>
            <int>5554</int>
          </currentTrackSectionIndex>
          <startNodeIndex>
            <int>0</int>
            <int>0</int>
          </startNodeIndex>
          <distanceTravelledInMeters>
            <float>207.065</float>
            <float>225.91</float>
          </distanceTravelledInMeters>
          <reverseDirection>
            <boolean>true</boolean>
            <boolean>true</boolean>
          </reverseDirection>
          <loadWeightUSTons>48</loadWeightUSTons>
          <destinationTag>None</destinationTag>
          <unitNumber>762733</unitNumber>
        </RailVehicleStateClass>
        <RailVehicleStateClass>
          <rvXMLfilename>Run8_52ftwell_53_40_NFIMaersk.xml</rvXMLfilename>
          <unitType>US_Freightcar</unitType>
          <currentRoutePrefix>
            <int>100</int>
            <int>100</int>
          </currentRoutePrefix>
          <currentTrackSectionIndex>
            <int>5554</int>
            <int>5554</int>
          </currentTrackSectionIndex>
          <startNodeIndex>
            <int>0</int>
            <int>0</int>
          </startNodeIndex>
          <distanceTravelledInMeters>
            <float>228.735</float>
            <float>247.575</float>
          </distanceTravelledInMeters>
          <reverseDirection>
            <boolean>true</boolean>
            <boolean>true</boolean>
          </reverseDirection>
          <loadWeightUSTons>48</loadWeightUSTons>
          <destinationTag>None</destinationTag>
          <unitNumber>604825</unitNumber>
        </RailVehicleStateClass>
        <RailVehicleStateClass>
          <rvXMLfilename>Run8_52ftwell_53_40_SeastarEvergreen.xml</rvXMLfilename>
          <unitType>US_Freightcar</unitType>
          <currentRoutePrefix>
            <int>100</int>
            <int>100</int>
          </currentRoutePrefix>
          <currentTrackSectionIndex>
            <int>5554</int>
            <int>5554</int>
          </currentTrackSectionIndex>
          <startNodeIndex>
            <int>0</int>
            <int>0</int>
          </startNodeIndex>
          <distanceTravelledInMeters>
            <float>250.4</float>
            <float>269.245</float>
          </distanceTravelledInMeters>
          <reverseDirection>
            <boolean>true</boolean>
            <boolean>true</boolean>
          </reverseDirection>
          <loadWeightUSTons>48</loadWeightUSTons>
          <destinationTag>None</destinationTag>
          <unitNumber>520260</unitNumber>
        </RailVehicleStateClass>
        <RailVehicleStateClass>
          <rvXMLfilename>Run8_52ftwell_53_40_Evergreen.xml</rvXMLfilename>
          <unitType>US_Freightcar</unitType>
          <currentRoutePrefix>
            <int>100</int>
            <int>100</int>
          </currentRoutePrefix>
          <currentTrackSectionIndex>
            <int>5556</int>
            <int>5555</int>
          </currentTrackSectionIndex>
          <startNodeIndex>
            <int>0</int>
            <int>0</int>
          </startNodeIndex>
          <distanceTravelledInMeters>
            <float>0.91</float>
            <float>2.07</float>
          </distanceTravelledInMeters>
          <reverseDirection>
            <boolean>false</boolean>
            <boolean>false</boolean>
          </reverseDirection>
          <loadWeightUSTons>48</loadWeightUSTons>
          <destinationTag>None</destinationTag>
          <unitNumber>416560</unitNumber>
        </RailVehicleStateClass>
        <RailVehicleStateClass>
          <rvXMLfilename>Run8_52ftwell_53_40_HyundaiChina.xml</rvXMLfilename>
          <unitType>US_Freightcar</unitType>
          <currentRoutePrefix>
            <int>100</int>
            <int>100</int>
          </currentRoutePrefix>
          <currentTrackSectionIndex>
            <int>5556</int>
            <int>5571</int>
          </currentTrackSectionIndex>
          <startNodeIndex>
            <int>0</int>
            <int>0</int>
          </startNodeIndex>
          <distanceTravelledInMeters>
            <float>3.735</float>
            <float>2.58</float>
          </distanceTravelledInMeters>
          <reverseDirection>
            <boolean>true</boolean>
            <boolean>true</boolean>
          </reverseDirection>
          <loadWeightUSTons>48</loadWeightUSTons>
          <destinationTag>None</destinationTag>
          <unitNumber>630332</unitNumber>
        </RailVehicleStateClass>
        <RailVehicleStateClass>
          <rvXMLfilename>Run8_52ftwell_53_40_MaerskChina.xml</rvXMLfilename>
          <unitType>US_Freightcar</unitType>
          <currentRoutePrefix>
            <int>100</int>
            <int>100</int>
          </currentRoutePrefix>
          <currentTrackSectionIndex>
            <int>5571</int>
            <int>5572</int>
          </currentTrackSectionIndex>
          <startNodeIndex>
            <int>0</int>
            <int>0</int>
          </startNodeIndex>
          <distanceTravelledInMeters>
            <float>5.41</float>
            <float>4.255</float>
          </distanceTravelledInMeters>
          <reverseDirection>
            <boolean>true</boolean>
            <boolean>true</boolean>
          </reverseDirection>
          <loadWeightUSTons>48</loadWeightUSTons>
          <destinationTag>None</destinationTag>
          <unitNumber>538681</unitNumber>
        </RailVehicleStateClass>
        <RailVehicleStateClass>
          <rvXMLfilename>Run8_52ftwell_2China_NFI.xml</rvXMLfilename>
          <unitType>US_Freightcar</unitType>
          <currentRoutePrefix>
            <int>100</int>
            <int>100</int>
          </currentRoutePrefix>
          <currentTrackSectionIndex>
            <int>5572</int>
            <int>5578</int>
          </currentTrackSectionIndex>
          <startNodeIndex>
            <int>0</int>
            <int>0</int>
          </startNodeIndex>
          <distanceTravelledInMeters>
            <float>7.075</float>
            <float>5.92</float>
          </distanceTravelledInMeters>
          <reverseDirection>
            <boolean>true</boolean>
            <boolean>true</boolean>
          </reverseDirection>
          <loadWeightUSTons>48</loadWeightUSTons>
          <destinationTag>None</destinationTag>
          <unitNumber>960600</unitNumber>
        </RailVehicleStateClass>
        <RailVehicleStateClass>
          <rvXMLfilename>Run8_52ftwell_53_40_NFIHyundai.xml</rvXMLfilename>
          <unitType>US_Freightcar</unitType>
          <currentRoutePrefix>
            <int>100</int>
            <int>100</int>
          </currentRoutePrefix>
          <currentTrackSectionIndex>
            <int>5579</int>
            <int>5578</int>
          </currentTrackSectionIndex>
          <startNodeIndex>
            <int>0</int>
            <int>0</int>
          </startNodeIndex>
          <distanceTravelledInMeters>
            <float>7.59</float>
            <float>8.745</float>
          </distanceTravelledInMeters>
          <reverseDirection>
            <boolean>false</boolean>
            <boolean>false</boolean>
          </reverseDirection>
          <loadWeightUSTons>48</loadWeightUSTons>
          <destinationTag>None</destinationTag>
          <unitNumber>305617</unitNumber>
        </RailVehicleStateClass>
        <RailVehicleStateClass>
          <rvXMLfilename>Run8_52ftwell_53_40_MaerskChina.xml</rvXMLfilename>
          <unitType>US_Freightcar</unitType>
          <currentRoutePrefix>
            <int>100</int>
            <int>100</int>
          </currentRoutePrefix>
          <currentTrackSectionIndex>
            <int>5579</int>
            <int>5579</int>
          </currentTrackSectionIndex>
          <startNodeIndex>
            <int>0</int>
            <int>0</int>
          </startNodeIndex>
          <distanceTravelledInMeters>
            <float>10.415</float>
            <float>29.26</float>
          </distanceTravelledInMeters>
          <reverseDirection>
            <boolean>true</boolean>
            <boolean>true</boolean>
          </reverseDirection>
          <loadWeightUSTons>48</loadWeightUSTons>
          <destinationTag>None</destinationTag>
          <unitNumber>205494</unitNumber>
        </RailVehicleStateClass>
        <RailVehicleStateClass>
          <rvXMLfilename>Run8_52ftwell_1Hanjin.xml</rvXMLfilename>
          <unitType>US_Freightcar</unitType>
          <currentRoutePrefix>
            <int>100</int>
            <int>100</int>
          </currentRoutePrefix>
          <currentTrackSectionIndex>
            <int>5579</int>
            <int>5579</int>
          </currentTrackSectionIndex>
          <startNodeIndex>
            <int>0</int>
            <int>0</int>
          </startNodeIndex>
          <distanceTravelledInMeters>
            <float>32.09</float>
            <float>50.93</float>
          </distanceTravelledInMeters>
          <reverseDirection>
            <boolean>true</boolean>
            <boolean>true</boolean>
          </reverseDirection>
          <loadWeightUSTons>33</loadWeightUSTons>
          <destinationTag>None</destinationTag>
          <unitNumber>216898</unitNumber>
        </RailVehicleStateClass>
        <RailVehicleStateClass>
          <rvXMLfilename>Run8_52ftwell_2China_NFI.xml</rvXMLfilename>
          <unitType>US_Freightcar</unitType>
          <currentRoutePrefix>
            <int>100</int>
            <int>100</int>
          </currentRoutePrefix>
          <currentTrackSectionIndex>
            <int>5579</int>
            <int>5579</int>
          </currentTrackSectionIndex>
          <startNodeIndex>
            <int>0</int>
            <int>0</int>
          </startNodeIndex>
          <distanceTravelledInMeters>
            <float>53.76</float>
            <float>72.605</float>
          </distanceTravelledInMeters>
          <reverseDirection>
            <boolean>true</boolean>
            <boolean>true</boolean>
          </reverseDirection>
          <loadWeightUSTons>48</loadWeightUSTons>
          <destinationTag>None</destinationTag>
          <unitNumber>740013</unitNumber>
        </RailVehicleStateClass>
        <RailVehicleStateClass>
          <rvXMLfilename>Run8_52ftwell_53_40_HyundaiChina.xml</rvXMLfilename>
          <unitType>US_Freightcar</unitType>
          <currentRoutePrefix>
            <int>100</int>
            <int>100</int>
          </currentRoutePrefix>
          <currentTrackSectionIndex>
            <int>5579</int>
            <int>5579</int>
          </currentTrackSectionIndex>
          <startNodeIndex>
            <int>0</int>
            <int>0</int>
          </startNodeIndex>
          <distanceTravelledInMeters>
            <float>94.275</float>
            <float>75.43</float>
          </distanceTravelledInMeters>
          <reverseDirection>
            <boolean>false</boolean>
            <boolean>false</boolean>
          </reverseDirection>
          <loadWeightUSTons>48</loadWeightUSTons>
          <destinationTag>None</destinationTag>
          <unitNumber>879082</unitNumber>
        </RailVehicleStateClass>
        <RailVehicleStateClass>
          <rvXMLfilename>Run8_52ftwell_2Maersk.xml</rvXMLfilename>
          <unitType>US_Freightcar</unitType>
          <currentRoutePrefix>
            <int>100</int>
            <int>100</int>
          </currentRoutePrefix>
          <currentTrackSectionIndex>
            <int>5579</int>
            <int>5579</int>
          </currentTrackSectionIndex>
          <startNodeIndex>
            <int>0</int>
            <int>0</int>
          </startNodeIndex>
          <distanceTravelledInMeters>
            <float>97.105</float>
            <float>115.95</float>
          </distanceTravelledInMeters>
          <reverseDirection>
            <boolean>true</boolean>
            <boolean>true</boolean>
          </reverseDirection>
          <loadWeightUSTons>48</loadWeightUSTons>
          <destinationTag>None</destinationTag>
          <unitNumber>934491</unitNumber>
        </RailVehicleStateClass>
        <RailVehicleStateClass>
          <rvXMLfilename>Run8_52ftwell_53_40_China_NFI.xml</rvXMLfilename>
          <unitType>US_Freightcar</unitType>
          <currentRoutePrefix>
            <int>100</int>
            <int>100</int>
          </currentRoutePrefix>
          <currentTrackSectionIndex>
            <int>5579</int>
            <int>5579</int>
          </currentTrackSectionIndex>
          <startNodeIndex>
            <int>0</int>
            <int>0</int>
          </startNodeIndex>
          <distanceTravelledInMeters>
            <float>118.775</float>
            <float>137.62</float>
          </distanceTravelledInMeters>
          <reverseDirection>
            <boolean>true</boolean>
            <boolean>true</boolean>
          </reverseDirection>
          <loadWeightUSTons>48</loadWeightUSTons>
          <destinationTag>None</destinationTag>
          <unitNumber>515479</unitNumber>
        </RailVehicleStateClass>
        <RailVehicleStateClass>
          <rvXMLfilename>Run8_52ftwell_53_40_MaerskNFI.xml</rvXMLfilename>
          <unitType>US_Freightcar</unitType>
          <currentRoutePrefix>
            <int>100</int>
            <int>100</int>
          </currentRoutePrefix>
          <currentTrackSectionIndex>
            <int>5579</int>
            <int>5579</int>
          </currentTrackSectionIndex>
          <startNodeIndex>
            <int>0</int>
            <int>0</int>
          </startNodeIndex>
          <distanceTravelledInMeters>
            <float>140.45</float>
            <float>159.295</float>
          </distanceTravelledInMeters>
          <reverseDirection>
            <boolean>true</boolean>
            <boolean>true</boolean>
          </reverseDirection>
          <loadWeightUSTons>48</loadWeightUSTons>
          <destinationTag>None</destinationTag>
          <unitNumber>687676</unitNumber>
        </RailVehicleStateClass>
        <RailVehicleStateClass>
          <rvXMLfilename>Run8_52ftwell_2KLine.xml</rvXMLfilename>
          <unitType>US_Freightcar</unitType>
          <currentRoutePrefix>
            <int>100</int>
            <int>100</int>
          </currentRoutePrefix>
          <currentTrackSectionIndex>
            <int>5579</int>
            <int>5579</int>
          </currentTrackSectionIndex>
          <startNodeIndex>
            <int>0</int>
            <int>0</int>
          </startNodeIndex>
          <distanceTravelledInMeters>
            <float>162.125</float>
            <float>180.97</float>
          </distanceTravelledInMeters>
          <reverseDirection>
            <boolean>true</boolean>
            <boolean>true</boolean>
          </reverseDirection>
          <loadWeightUSTons>48</loadWeightUSTons>
          <destinationTag>None</destinationTag>
          <unitNumber>753393</unitNumber>
        </RailVehicleStateClass>
        <RailVehicleStateClass>
          <rvXMLfilename>Run8_52ftwell_2Maersk.xml</rvXMLfilename>
          <unitType>US_Freightcar</unitType>
          <currentRoutePrefix>
            <int>100</int>
            <int>100</int>
          </currentRoutePrefix>
          <currentTrackSectionIndex>
            <int>5579</int>
            <int>5579</int>
          </currentTrackSectionIndex>
          <startNodeIndex>
            <int>0</int>
            <int>0</int>
          </startNodeIndex>
          <distanceTravelledInMeters>
            <float>202.64</float>
            <float>183.795</float>
          </distanceTravelledInMeters>
          <reverseDirection>
            <boolean>false</boolean>
            <boolean>false</boolean>
          </reverseDirection>
          <loadWeightUSTons>48</loadWeightUSTons>
          <destinationTag>None</destinationTag>
          <unitNumber>851650</unitNumber>
        </RailVehicleStateClass>
        <RailVehicleStateClass>
          <rvXMLfilename>Run8_52ftwell_53_40_NFIHyundai.xml</rvXMLfilename>
          <unitType>US_Freightcar</unitType>
          <currentRoutePrefix>
            <int>100</int>
            <int>100</int>
          </currentRoutePrefix>
          <currentTrackSectionIndex>
            <int>5579</int>
            <int>5579</int>
          </currentTrackSectionIndex>
          <startNodeIndex>
            <int>0</int>
            <int>0</int>
          </startNodeIndex>
          <distanceTravelledInMeters>
            <float>224.31</float>
            <float>205.465</float>
          </distanceTravelledInMeters>
          <reverseDirection>
            <boolean>false</boolean>
            <boolean>false</boolean>
          </reverseDirection>
          <loadWeightUSTons>48</loadWeightUSTons>
          <destinationTag>None</destinationTag>
          <unitNumber>250005</unitNumber>
        </RailVehicleStateClass>
        <RailVehicleStateClass>
          <rvXMLfilename>Run8_52ftwell_2Hanjin.xml</rvXMLfilename>
          <unitType>US_Freightcar</unitType>
          <currentRoutePrefix>
            <int>100</int>
            <int>100</int>
          </currentRoutePrefix>
          <currentTrackSectionIndex>
            <int>5579</int>
            <int>5579</int>
          </currentTrackSectionIndex>
          <startNodeIndex>
            <int>0</int>
            <int>0</int>
          </startNodeIndex>
          <distanceTravelledInMeters>
            <float>227.13</float>
            <float>245.975</float>
          </distanceTravelledInMeters>
          <reverseDirection>
            <boolean>true</boolean>
            <boolean>true</boolean>
          </reverseDirection>
          <loadWeightUSTons>48</loadWeightUSTons>
          <destinationTag>None</destinationTag>
          <unitNumber>720233</unitNumber>
        </RailVehicleStateClass>
        <RailVehicleStateClass>
          <rvXMLfilename>Run8_52ftwell_2Hanjin.xml</rvXMLfilename>
          <unitType>US_Freightcar</unitType>
          <currentRoutePrefix>
            <int>100</int>
            <int>100</int>
          </currentRoutePrefix>
          <currentTrackSectionIndex>
            <int>5580</int>
            <int>5579</int>
          </currentTrackSectionIndex>
          <startNodeIndex>
            <int>0</int>
            <int>0</int>
          </startNodeIndex>
          <distanceTravelledInMeters>
            <float>2.64</float>
            <float>248.8</float>
          </distanceTravelledInMeters>
          <reverseDirection>
            <boolean>false</boolean>
            <boolean>false</boolean>
          </reverseDirection>
          <loadWeightUSTons>48</loadWeightUSTons>
          <destinationTag>None</destinationTag>
          <unitNumber>917956</unitNumber>
        </RailVehicleStateClass>
        <RailVehicleStateClass>
          <rvXMLfilename>Run8_52ftwell_53_40_NFIHyundai.xml</rvXMLfilename>
          <unitType>US_Freightcar</unitType>
          <currentRoutePrefix>
            <int>100</int>
            <int>100</int>
          </currentRoutePrefix>
          <currentTrackSectionIndex>
            <int>5586</int>
            <int>5580</int>
          </currentTrackSectionIndex>
          <startNodeIndex>
            <int>0</int>
            <int>0</int>
          </startNodeIndex>
          <distanceTravelledInMeters>
            <float>4.90737772</float>
            <float>5.47</float>
          </distanceTravelledInMeters>
          <reverseDirection>
            <boolean>false</boolean>
            <boolean>false</boolean>
          </reverseDirection>
          <loadWeightUSTons>48</loadWeightUSTons>
          <destinationTag>None</destinationTag>
          <unitNumber>169352</unitNumber>
        </RailVehicleStateClass>
        <RailVehicleStateClass>
          <rvXMLfilename>Run8_52ftwell_53_40_MaerskHyundai.xml</rvXMLfilename>
          <unitType>US_Freightcar</unitType>
          <currentRoutePrefix>
            <int>100</int>
            <int>100</int>
          </currentRoutePrefix>
          <currentTrackSectionIndex>
            <int>5586</int>
            <int>5586</int>
          </currentTrackSectionIndex>
          <startNodeIndex>
            <int>0</int>
            <int>0</int>
          </startNodeIndex>
          <distanceTravelledInMeters>
            <float>26.5773773</float>
            <float>7.732378</float>
          </distanceTravelledInMeters>
          <reverseDirection>
            <boolean>false</boolean>
            <boolean>false</boolean>
          </reverseDirection>
          <loadWeightUSTons>48</loadWeightUSTons>
          <destinationTag>None</destinationTag>
          <unitNumber>404667</unitNumber>
        </RailVehicleStateClass>
        <RailVehicleStateClass>
          <rvXMLfilename>Run8_52ftwell_53_40_NFIMaersk.xml</rvXMLfilename>
          <unitType>US_Freightcar</unitType>
          <currentRoutePrefix>
            <int>100</int>
            <int>100</int>
          </currentRoutePrefix>
          <currentTrackSectionIndex>
            <int>5586</int>
            <int>5586</int>
          </currentTrackSectionIndex>
          <startNodeIndex>
            <int>0</int>
            <int>0</int>
          </startNodeIndex>
          <distanceTravelledInMeters>
            <float>29.4023781</float>
            <float>48.24738</float>
          </distanceTravelledInMeters>
          <reverseDirection>
            <boolean>true</boolean>
            <boolean>true</boolean>
          </reverseDirection>
          <loadWeightUSTons>48</loadWeightUSTons>
          <destinationTag>None</destinationTag>
          <unitNumber>889323</unitNumber>
        </RailVehicleStateClass>
        <RailVehicleStateClass>
          <rvXMLfilename>Run8_52ftwell_53_40_NFI.xml</rvXMLfilename>
          <unitType>US_Freightcar</unitType>
          <currentRoutePrefix>
            <int>100</int>
            <int>100</int>
          </currentRoutePrefix>
          <currentTrackSectionIndex>
            <int>5586</int>
            <int>5586</int>
          </currentTrackSectionIndex>
          <startNodeIndex>
            <int>0</int>
            <int>0</int>
          </startNodeIndex>
          <distanceTravelledInMeters>
            <float>69.91238</float>
            <float>51.0723763</float>
          </distanceTravelledInMeters>
          <reverseDirection>
            <boolean>false</boolean>
            <boolean>false</boolean>
          </reverseDirection>
          <loadWeightUSTons>48</loadWeightUSTons>
          <destinationTag>None</destinationTag>
          <unitNumber>306199</unitNumber>
        </RailVehicleStateClass>
        <RailVehicleStateClass>
          <rvXMLfilename>Run8_52ftwell_53_40_NFIMaersk.xml</rvXMLfilename>
          <unitType>US_Freightcar</unitType>
          <currentRoutePrefix>
            <int>100</int>
            <int>100</int>
          </currentRoutePrefix>
          <currentTrackSectionIndex>
            <int>5586</int>
            <int>5586</int>
          </currentTrackSectionIndex>
          <startNodeIndex>
            <int>0</int>
            <int>0</int>
          </startNodeIndex>
          <distanceTravelledInMeters>
            <float>91.57738</float>
            <float>72.73738</float>
          </distanceTravelledInMeters>
          <reverseDirection>
            <boolean>false</boolean>
            <boolean>false</boolean>
          </reverseDirection>
          <loadWeightUSTons>48</loadWeightUSTons>
          <destinationTag>None</destinationTag>
          <unitNumber>994000</unitNumber>
        </RailVehicleStateClass>
        <RailVehicleStateClass>
          <rvXMLfilename>Run8_52ftwell_53_40_China_NFI.xml</rvXMLfilename>
          <unitType>US_Freightcar</unitType>
          <currentRoutePrefix>
            <int>100</int>
            <int>100</int>
          </currentRoutePrefix>
          <currentTrackSectionIndex>
            <int>5586</int>
            <int>5586</int>
          </currentTrackSectionIndex>
          <startNodeIndex>
            <int>0</int>
            <int>0</int>
          </startNodeIndex>
          <distanceTravelledInMeters>
            <float>113.247375</float>
            <float>94.40738</float>
          </distanceTravelledInMeters>
          <reverseDirection>
            <boolean>false</boolean>
            <boolean>false</boolean>
          </reverseDirection>
          <loadWeightUSTons>48</loadWeightUSTons>
          <destinationTag>None</destinationTag>
          <unitNumber>828930</unitNumber>
        </RailVehicleStateClass>
        <RailVehicleStateClass>
          <rvXMLfilename>Run8_52ftwell_53_40_China_Hyundai.xml</rvXMLfilename>
          <unitType>US_Freightcar</unitType>
          <currentRoutePrefix>
            <int>100</int>
            <int>100</int>
          </currentRoutePrefix>
          <currentTrackSectionIndex>
            <int>5586</int>
            <int>5586</int>
          </currentTrackSectionIndex>
          <startNodeIndex>
            <int>0</int>
            <int>0</int>
          </startNodeIndex>
          <distanceTravelledInMeters>
            <float>134.912384</float>
            <float>116.07238</float>
          </distanceTravelledInMeters>
          <reverseDirection>
            <boolean>false</boolean>
            <boolean>false</boolean>
          </reverseDirection>
          <loadWeightUSTons>48</loadWeightUSTons>
          <destinationTag>None</destinationTag>
          <unitNumber>292881</unitNumber>
        </RailVehicleStateClass>
        <RailVehicleStateClass>
          <rvXMLfilename>Run8_52ftwell_53_40_NFIHyundai.xml</rvXMLfilename>
          <unitType>US_Freightcar</unitType>
          <currentRoutePrefix>
            <int>100</int>
            <int>100</int>
          </currentRoutePrefix>
          <currentTrackSectionIndex>
            <int>5586</int>
            <int>5586</int>
          </currentTrackSectionIndex>
          <startNodeIndex>
            <int>0</int>
            <int>0</int>
          </startNodeIndex>
          <distanceTravelledInMeters>
            <float>137.742371</float>
            <float>156.582382</float>
          </distanceTravelledInMeters>
          <reverseDirection>
            <boolean>true</boolean>
            <boolean>true</boolean>
          </reverseDirection>
          <loadWeightUSTons>48</loadWeightUSTons>
          <destinationTag>None</destinationTag>
          <unitNumber>479030</unitNumber>
        </RailVehicleStateClass>
        <RailVehicleStateClass>
          <rvXMLfilename>Run8_52ftwell_53_40_Evergreen.xml</rvXMLfilename>
          <unitType>US_Freightcar</unitType>
          <currentRoutePrefix>
            <int>100</int>
            <int>100</int>
          </currentRoutePrefix>
          <currentTrackSectionIndex>
            <int>5586</int>
            <int>5586</int>
          </currentTrackSectionIndex>
          <startNodeIndex>
            <int>0</int>
            <int>0</int>
          </startNodeIndex>
          <distanceTravelledInMeters>
            <float>178.25238</float>
            <float>159.407379</float>
          </distanceTravelledInMeters>
          <reverseDirection>
            <boolean>false</boolean>
            <boolean>false</boolean>
          </reverseDirection>
          <loadWeightUSTons>48</loadWeightUSTons>
          <destinationTag>None</destinationTag>
          <unitNumber>377721</unitNumber>
        </RailVehicleStateClass>
        <RailVehicleStateClass>
          <rvXMLfilename>Run8_52ftwell_1Maersk.xml</rvXMLfilename>
          <unitType>US_Freightcar</unitType>
          <currentRoutePrefix>
            <int>100</int>
            <int>100</int>
          </currentRoutePrefix>
          <currentTrackSectionIndex>
            <int>5586</int>
            <int>5586</int>
          </currentTrackSectionIndex>
          <startNodeIndex>
            <int>0</int>
            <int>0</int>
          </startNodeIndex>
          <distanceTravelledInMeters>
            <float>181.077377</float>
            <float>199.922379</float>
          </distanceTravelledInMeters>
          <reverseDirection>
            <boolean>true</boolean>
            <boolean>true</boolean>
          </reverseDirection>
          <loadWeightUSTons>33</loadWeightUSTons>
          <destinationTag>None</destinationTag>
          <unitNumber>671398</unitNumber>
        </RailVehicleStateClass>
        <RailVehicleStateClass>
          <rvXMLfilename>Run8_52ftwell_53_40_Hyundai.xml</rvXMLfilename>
          <unitType>US_Freightcar</unitType>
          <currentRoutePrefix>
            <int>100</int>
            <int>100</int>
          </currentRoutePrefix>
          <currentTrackSectionIndex>
            <int>5586</int>
            <int>5586</int>
          </currentTrackSectionIndex>
          <startNodeIndex>
            <int>0</int>
            <int>0</int>
          </startNodeIndex>
          <distanceTravelledInMeters>
            <float>202.747375</float>
            <float>221.587372</float>
          </distanceTravelledInMeters>
          <reverseDirection>
            <boolean>true</boolean>
            <boolean>true</boolean>
          </reverseDirection>
          <loadWeightUSTons>48</loadWeightUSTons>
          <destinationTag>None</destinationTag>
          <unitNumber>921208</unitNumber>
        </RailVehicleStateClass>
        <RailVehicleStateClass>
          <rvXMLfilename>Run8_52ftwell_53_40_HorizonHanjin.xml</rvXMLfilename>
          <unitType>US_Freightcar</unitType>
          <currentRoutePrefix>
            <int>100</int>
            <int>100</int>
          </currentRoutePrefix>
          <currentTrackSectionIndex>
            <int>5586</int>
            <int>5587</int>
          </currentTrackSectionIndex>
          <startNodeIndex>
            <int>0</int>
            <int>0</int>
          </startNodeIndex>
          <distanceTravelledInMeters>
            <float>224.407379</float>
            <float>13.2523775</float>
          </distanceTravelledInMeters>
          <reverseDirection>
            <boolean>true</boolean>
            <boolean>true</boolean>
          </reverseDirection>
          <loadWeightUSTons>48</loadWeightUSTons>
          <destinationTag>None</destinationTag>
          <unitNumber>632879</unitNumber>
        </RailVehicleStateClass>
        <RailVehicleStateClass>
          <rvXMLfilename>Run8_52ftwell_53_40_Hanjin.xml</rvXMLfilename>
          <unitType>US_Freightcar</unitType>
          <currentRoutePrefix>
            <int>100</int>
            <int>100</int>
          </currentRoutePrefix>
          <currentTrackSectionIndex>
            <int>5587</int>
            <int>5587</int>
          </currentTrackSectionIndex>
          <startNodeIndex>
            <int>0</int>
            <int>0</int>
          </startNodeIndex>
          <distanceTravelledInMeters>
            <float>16.0773773</float>
            <float>34.9173775</float>
          </distanceTravelledInMeters>
          <reverseDirection>
            <boolean>true</boolean>
            <boolean>true</boolean>
          </reverseDirection>
          <loadWeightUSTons>48</loadWeightUSTons>
          <destinationTag>None</destinationTag>
          <unitNumber>216431</unitNumber>
        </RailVehicleStateClass>
        <RailVehicleStateClass>
          <rvXMLfilename>Run8_52ftwell_53_40_China_Maersk.xml</rvXMLfilename>
          <unitType>US_Freightcar</unitType>
          <currentRoutePrefix>
            <int>100</int>
            <int>100</int>
          </currentRoutePrefix>
          <currentTrackSectionIndex>
            <int>5588</int>
            <int>5587</int>
          </currentTrackSectionIndex>
          <startNodeIndex>
            <int>0</int>
            <int>0</int>
          </startNodeIndex>
          <distanceTravelledInMeters>
            <float>11.5873775</float>
            <float>37.74238</float>
          </distanceTravelledInMeters>
          <reverseDirection>
            <boolean>false</boolean>
            <boolean>false</boolean>
          </reverseDirection>
          <loadWeightUSTons>48</loadWeightUSTons>
          <destinationTag>None</destinationTag>
          <unitNumber>536851</unitNumber>
        </RailVehicleStateClass>
        <RailVehicleStateClass>
          <rvXMLfilename>Run8_52ftwell_53_40_HyundaiNFI.xml</rvXMLfilename>
          <unitType>US_Freightcar</unitType>
          <currentRoutePrefix>
            <int>100</int>
            <int>100</int>
          </currentRoutePrefix>
          <currentTrackSectionIndex>
            <int>5588</int>
            <int>5588</int>
          </currentTrackSectionIndex>
          <startNodeIndex>
            <int>0</int>
            <int>0</int>
          </startNodeIndex>
          <distanceTravelledInMeters>
            <float>14.4123774</float>
            <float>33.2523766</float>
          </distanceTravelledInMeters>
          <reverseDirection>
            <boolean>true</boolean>
            <boolean>true</boolean>
          </reverseDirection>
          <loadWeightUSTons>48</loadWeightUSTons>
          <destinationTag>None</destinationTag>
          <unitNumber>577234</unitNumber>
        </RailVehicleStateClass>
        <RailVehicleStateClass>
          <rvXMLfilename>Run8_52ftwell_2Maersk.xml</rvXMLfilename>
          <unitType>US_Freightcar</unitType>
          <currentRoutePrefix>
            <int>100</int>
            <int>100</int>
          </currentRoutePrefix>
          <currentTrackSectionIndex>
            <int>5588</int>
            <int>5588</int>
          </currentTrackSectionIndex>
          <startNodeIndex>
            <int>0</int>
            <int>0</int>
          </startNodeIndex>
          <distanceTravelledInMeters>
            <float>54.92738</float>
            <float>36.08238</float>
          </distanceTravelledInMeters>
          <reverseDirection>
            <boolean>false</boolean>
            <boolean>false</boolean>
          </reverseDirection>
          <loadWeightUSTons>48</loadWeightUSTons>
          <destinationTag>None</destinationTag>
          <unitNumber>650758</unitNumber>
        </RailVehicleStateClass>
        <RailVehicleStateClass>
          <rvXMLfilename>Run8_52ftwell_53_40_NFI.xml</rvXMLfilename>
          <unitType>US_Freightcar</unitType>
          <currentRoutePrefix>
            <int>100</int>
            <int>100</int>
          </currentRoutePrefix>
          <currentTrackSectionIndex>
            <int>5588</int>
            <int>5588</int>
          </currentTrackSectionIndex>
          <startNodeIndex>
            <int>0</int>
            <int>0</int>
          </startNodeIndex>
          <distanceTravelledInMeters>
            <float>76.60238</float>
            <float>57.7573776</float>
          </distanceTravelledInMeters>
          <reverseDirection>
            <boolean>false</boolean>
            <boolean>false</boolean>
          </reverseDirection>
          <loadWeightUSTons>48</loadWeightUSTons>
          <destinationTag>None</destinationTag>
          <unitNumber>553826</unitNumber>
        </RailVehicleStateClass>
        <RailVehicleStateClass>
          <rvXMLfilename>Run8_52ftwell_2KLine.xml</rvXMLfilename>
          <unitType>US_Freightcar</unitType>
          <currentRoutePrefix>
            <int>100</int>
            <int>100</int>
          </currentRoutePrefix>
          <currentTrackSectionIndex>
            <int>5588</int>
            <int>5588</int>
          </currentTrackSectionIndex>
          <startNodeIndex>
            <int>0</int>
            <int>0</int>
          </startNodeIndex>
          <distanceTravelledInMeters>
            <float>98.27238</float>
            <float>79.43238</float>
          </distanceTravelledInMeters>
          <reverseDirection>
            <boolean>false</boolean>
            <boolean>false</boolean>
          </reverseDirection>
          <loadWeightUSTons>48</loadWeightUSTons>
          <destinationTag>None</destinationTag>
          <unitNumber>780216</unitNumber>
        </RailVehicleStateClass>
        <RailVehicleStateClass>
          <rvXMLfilename>Run8_52ftwell_53_40_Kline.xml</rvXMLfilename>
          <unitType>US_Freightcar</unitType>
          <currentRoutePrefix>
            <int>100</int>
            <int>100</int>
          </currentRoutePrefix>
          <currentTrackSectionIndex>
            <int>5588</int>
            <int>5588</int>
          </currentTrackSectionIndex>
          <startNodeIndex>
            <int>0</int>
            <int>0</int>
          </startNodeIndex>
          <distanceTravelledInMeters>
            <float>101.102379</float>
            <float>119.942375</float>
          </distanceTravelledInMeters>
          <reverseDirection>
            <boolean>true</boolean>
            <boolean>true</boolean>
          </reverseDirection>
          <loadWeightUSTons>48</loadWeightUSTons>
          <destinationTag>None</destinationTag>
          <unitNumber>579253</unitNumber>
        </RailVehicleStateClass>
        <RailVehicleStateClass>
          <rvXMLfilename>Run8_52ftwell_53_40_MaerskHyundai.xml</rvXMLfilename>
          <unitType>US_Freightcar</unitType>
          <currentRoutePrefix>
            <int>100</int>
            <int>100</int>
          </currentRoutePrefix>
          <currentTrackSectionIndex>
            <int>5588</int>
            <int>5664</int>
          </currentTrackSectionIndex>
          <startNodeIndex>
            <int>0</int>
            <int>0</int>
          </startNodeIndex>
          <distanceTravelledInMeters>
            <float>122.76738</float>
            <float>11.6123781</float>
          </distanceTravelledInMeters>
          <reverseDirection>
            <boolean>true</boolean>
            <boolean>true</boolean>
          </reverseDirection>
          <loadWeightUSTons>48</loadWeightUSTons>
          <destinationTag>None</destinationTag>
          <unitNumber>774381</unitNumber>
        </RailVehicleStateClass>
        <RailVehicleStateClass>
          <rvXMLfilename>Run8_52ftwell_53_40_MaerskChina.xml</rvXMLfilename>
          <unitType>US_Freightcar</unitType>
          <currentRoutePrefix>
            <int>100</int>
            <int>100</int>
          </currentRoutePrefix>
          <currentTrackSectionIndex>
            <int>5664</int>
            <int>5664</int>
          </currentTrackSectionIndex>
          <startNodeIndex>
            <int>0</int>
            <int>0</int>
          </startNodeIndex>
          <distanceTravelledInMeters>
            <float>14.442378</float>
            <float>33.2873764</float>
          </distanceTravelledInMeters>
          <reverseDirection>
            <boolean>true</boolean>
            <boolean>true</boolean>
          </reverseDirection>
          <loadWeightUSTons>48</loadWeightUSTons>
          <destinationTag>None</destinationTag>
          <unitNumber>946444</unitNumber>
        </RailVehicleStateClass>
        <RailVehicleStateClass>
          <rvXMLfilename>Run8_52ftwell_53_40_China_Maersk.xml</rvXMLfilename>
          <unitType>US_Freightcar</unitType>
          <currentRoutePrefix>
            <int>100</int>
            <int>100</int>
          </currentRoutePrefix>
          <currentTrackSectionIndex>
            <int>5664</int>
            <int>5664</int>
          </currentTrackSectionIndex>
          <startNodeIndex>
            <int>0</int>
            <int>0</int>
          </startNodeIndex>
          <distanceTravelledInMeters>
            <float>36.1123772</float>
            <float>54.9523773</float>
          </distanceTravelledInMeters>
          <reverseDirection>
            <boolean>true</boolean>
            <boolean>true</boolean>
          </reverseDirection>
          <loadWeightUSTons>48</loadWeightUSTons>
          <destinationTag>None</destinationTag>
          <unitNumber>218492</unitNumber>
        </RailVehicleStateClass>
        <RailVehicleStateClass>
          <rvXMLfilename>Run8_52ftwell_1China.xml</rvXMLfilename>
          <unitType>US_Freightcar</unitType>
          <currentRoutePrefix>
            <int>100</int>
            <int>100</int>
          </currentRoutePrefix>
          <currentTrackSectionIndex>
            <int>5664</int>
            <int>5664</int>
          </currentTrackSectionIndex>
          <startNodeIndex>
            <int>0</int>
            <int>0</int>
          </startNodeIndex>
          <distanceTravelledInMeters>
            <float>57.7773781</float>
            <float>76.6223755</float>
          </distanceTravelledInMeters>
          <reverseDirection>
            <boolean>true</boolean>
            <boolean>true</boolean>
          </reverseDirection>
          <loadWeightUSTons>33</loadWeightUSTons>
          <destinationTag>None</destinationTag>
          <unitNumber>394680</unitNumber>
        </RailVehicleStateClass>
        <RailVehicleStateClass>
          <rvXMLfilename>Run8_52ftwell_53_40_HyundaiNFI.xml</rvXMLfilename>
          <unitType>US_Freightcar</unitType>
          <currentRoutePrefix>
            <int>100</int>
            <int>100</int>
          </currentRoutePrefix>
          <currentTrackSectionIndex>
            <int>5664</int>
            <int>5664</int>
          </currentTrackSectionIndex>
          <startNodeIndex>
            <int>0</int>
            <int>0</int>
          </startNodeIndex>
          <distanceTravelledInMeters>
            <float>98.29238</float>
            <float>79.44738</float>
          </distanceTravelledInMeters>
          <reverseDirection>
            <boolean>false</boolean>
            <boolean>false</boolean>
          </reverseDirection>
          <loadWeightUSTons>48</loadWeightUSTons>
          <destinationTag>None</destinationTag>
          <unitNumber>796319</unitNumber>
        </RailVehicleStateClass>
        <RailVehicleStateClass>
          <rvXMLfilename>Run8_52ftwell_53_40_NFIMaersk.xml</rvXMLfilename>
          <unitType>US_Freightcar</unitType>
          <currentRoutePrefix>
            <int>100</int>
            <int>100</int>
          </currentRoutePrefix>
          <currentTrackSectionIndex>
            <int>5664</int>
            <int>5664</int>
          </currentTrackSectionIndex>
          <startNodeIndex>
            <int>0</int>
            <int>0</int>
          </startNodeIndex>
          <distanceTravelledInMeters>
            <float>101.112381</float>
            <float>119.957375</float>
          </distanceTravelledInMeters>
          <reverseDirection>
            <boolean>true</boolean>
            <boolean>true</boolean>
          </reverseDirection>
          <loadWeightUSTons>48</loadWeightUSTons>
          <destinationTag>None</destinationTag>
          <unitNumber>739211</unitNumber>
        </RailVehicleStateClass>
        <RailVehicleStateClass>
          <rvXMLfilename>Run8_52ftwell_53_40_China_Maersk.xml</rvXMLfilename>
          <unitType>US_Freightcar</unitType>
          <currentRoutePrefix>
            <int>100</int>
            <int>100</int>
          </currentRoutePrefix>
          <currentTrackSectionIndex>
            <int>5665</int>
            <int>5664</int>
          </currentTrackSectionIndex>
          <startNodeIndex>
            <int>0</int>
            <int>0</int>
          </startNodeIndex>
          <distanceTravelledInMeters>
            <float>18.6273785</float>
            <float>122.782379</float>
          </distanceTravelledInMeters>
          <reverseDirection>
            <boolean>false</boolean>
            <boolean>false</boolean>
          </reverseDirection>
          <loadWeightUSTons>48</loadWeightUSTons>
          <destinationTag>None</destinationTag>
          <unitNumber>336568</unitNumber>
        </RailVehicleStateClass>
        <RailVehicleStateClass>
          <rvXMLfilename>Run8_52ftwell_53_40_China_NFI.xml</rvXMLfilename>
          <unitType>US_Freightcar</unitType>
          <currentRoutePrefix>
            <int>100</int>
            <int>100</int>
          </currentRoutePrefix>
          <currentTrackSectionIndex>
            <int>5665</int>
            <int>5670</int>
          </currentTrackSectionIndex>
          <startNodeIndex>
            <int>0</int>
            <int>0</int>
          </startNodeIndex>
          <distanceTravelledInMeters>
            <float>21.4523773</float>
            <float>7.29737759</float>
          </distanceTravelledInMeters>
          <reverseDirection>
            <boolean>true</boolean>
            <boolean>true</boolean>
          </reverseDirection>
          <loadWeightUSTons>48</loadWeightUSTons>
          <destinationTag>None</destinationTag>
          <unitNumber>320459</unitNumber>
        </RailVehicleStateClass>
        <RailVehicleStateClass>
          <rvXMLfilename>Run8_52ftwell_53_40_HorizonHanjin.xml</rvXMLfilename>
          <unitType>US_Freightcar</unitType>
          <currentRoutePrefix>
            <int>100</int>
            <int>100</int>
          </currentRoutePrefix>
          <currentTrackSectionIndex>
            <int>5670</int>
            <int>5670</int>
          </currentTrackSectionIndex>
          <startNodeIndex>
            <int>0</int>
            <int>0</int>
          </startNodeIndex>
          <distanceTravelledInMeters>
            <float>10.1173782</float>
            <float>28.9623775</float>
          </distanceTravelledInMeters>
          <reverseDirection>
            <boolean>true</boolean>
            <boolean>true</boolean>
          </reverseDirection>
          <loadWeightUSTons>48</loadWeightUSTons>
          <destinationTag>None</destinationTag>
          <unitNumber>244339</unitNumber>
        </RailVehicleStateClass>
        <RailVehicleStateClass>
          <rvXMLfilename>Run8_52ftwell_53_40_HorizonHanjin.xml</rvXMLfilename>
          <unitType>US_Freightcar</unitType>
          <currentRoutePrefix>
            <int>100</int>
            <int>100</int>
          </currentRoutePrefix>
          <currentTrackSectionIndex>
            <int>5670</int>
            <int>5670</int>
          </currentTrackSectionIndex>
          <startNodeIndex>
            <int>0</int>
            <int>0</int>
          </startNodeIndex>
          <distanceTravelledInMeters>
            <float>50.6273766</float>
            <float>31.7823772</float>
          </distanceTravelledInMeters>
          <reverseDirection>
            <boolean>false</boolean>
            <boolean>false</boolean>
          </reverseDirection>
          <loadWeightUSTons>48</loadWeightUSTons>
          <destinationTag>None</destinationTag>
          <unitNumber>879894</unitNumber>
        </RailVehicleStateClass>
        <RailVehicleStateClass>
          <rvXMLfilename>Run8_52ftwell_2Maersk_Hyundai.xml</rvXMLfilename>
          <unitType>US_Freightcar</unitType>
          <currentRoutePrefix>
            <int>100</int>
            <int>100</int>
          </currentRoutePrefix>
          <currentTrackSectionIndex>
            <int>5670</int>
            <int>5670</int>
          </currentTrackSectionIndex>
          <startNodeIndex>
            <int>0</int>
            <int>0</int>
          </startNodeIndex>
          <distanceTravelledInMeters>
            <float>53.4473763</float>
            <float>72.29238</float>
          </distanceTravelledInMeters>
          <reverseDirection>
            <boolean>true</boolean>
            <boolean>true</boolean>
          </reverseDirection>
          <loadWeightUSTons>48</loadWeightUSTons>
          <destinationTag>None</destinationTag>
          <unitNumber>219790</unitNumber>
        </RailVehicleStateClass>
        <RailVehicleStateClass>
          <rvXMLfilename>Run8_52ftwell_1China.xml</rvXMLfilename>
          <unitType>US_Freightcar</unitType>
          <currentRoutePrefix>
            <int>100</int>
            <int>100</int>
          </currentRoutePrefix>
          <currentTrackSectionIndex>
            <int>5670</int>
            <int>5670</int>
          </currentTrackSectionIndex>
          <startNodeIndex>
            <int>0</int>
            <int>0</int>
          </startNodeIndex>
          <distanceTravelledInMeters>
            <float>75.11238</float>
            <float>93.9573746</float>
          </distanceTravelledInMeters>
          <reverseDirection>
            <boolean>true</boolean>
            <boolean>true</boolean>
          </reverseDirection>
          <loadWeightUSTons>33</loadWeightUSTons>
          <destinationTag>None</destinationTag>
          <unitNumber>860433</unitNumber>
        </RailVehicleStateClass>
        <RailVehicleStateClass>
          <rvXMLfilename>Run8_52ftwell_2China_NFI.xml</rvXMLfilename>
          <unitType>US_Freightcar</unitType>
          <currentRoutePrefix>
            <int>100</int>
            <int>100</int>
          </currentRoutePrefix>
          <currentTrackSectionIndex>
            <int>5670</int>
            <int>5670</int>
          </currentTrackSectionIndex>
          <startNodeIndex>
            <int>0</int>
            <int>0</int>
          </startNodeIndex>
          <distanceTravelledInMeters>
            <float>115.622375</float>
            <float>96.7773743</float>
          </distanceTravelledInMeters>
          <reverseDirection>
            <boolean>false</boolean>
            <boolean>false</boolean>
          </reverseDirection>
          <loadWeightUSTons>48</loadWeightUSTons>
          <destinationTag>None</destinationTag>
          <unitNumber>816763</unitNumber>
        </RailVehicleStateClass>
        <RailVehicleStateClass>
          <rvXMLfilename>Run8_52ftwell_2Maersk_Hyundai.xml</rvXMLfilename>
          <unitType>US_Freightcar</unitType>
          <currentRoutePrefix>
            <int>100</int>
            <int>100</int>
          </currentRoutePrefix>
          <currentTrackSectionIndex>
            <int>5670</int>
            <int>5670</int>
          </currentTrackSectionIndex>
          <startNodeIndex>
            <int>0</int>
            <int>0</int>
          </startNodeIndex>
          <distanceTravelledInMeters>
            <float>137.287384</float>
            <float>118.442375</float>
          </distanceTravelledInMeters>
          <reverseDirection>
            <boolean>false</boolean>
            <boolean>false</boolean>
          </reverseDirection>
          <loadWeightUSTons>48</loadWeightUSTons>
          <destinationTag>None</destinationTag>
          <unitNumber>962628</unitNumber>
        </RailVehicleStateClass>
        <RailVehicleStateClass>
          <rvXMLfilename>Run8_52ftwell_53_40_HyundaiNFI.xml</rvXMLfilename>
          <unitType>US_Freightcar</unitType>
          <currentRoutePrefix>
            <int>100</int>
            <int>100</int>
          </currentRoutePrefix>
          <currentTrackSectionIndex>
            <int>5670</int>
            <int>5670</int>
          </currentTrackSectionIndex>
          <startNodeIndex>
            <int>0</int>
            <int>0</int>
          </startNodeIndex>
          <distanceTravelledInMeters>
            <float>158.952377</float>
            <float>140.107376</float>
          </distanceTravelledInMeters>
          <reverseDirection>
            <boolean>false</boolean>
            <boolean>false</boolean>
          </reverseDirection>
          <loadWeightUSTons>48</loadWeightUSTons>
          <destinationTag>None</destinationTag>
          <unitNumber>622265</unitNumber>
        </RailVehicleStateClass>
        <RailVehicleStateClass>
          <rvXMLfilename>Run8_52ftwell_53_40_HyundaiChina.xml</rvXMLfilename>
          <unitType>US_Freightcar</unitType>
          <currentRoutePrefix>
            <int>100</int>
            <int>100</int>
          </currentRoutePrefix>
          <currentTrackSectionIndex>
            <int>5670</int>
            <int>5670</int>
          </currentTrackSectionIndex>
          <startNodeIndex>
            <int>0</int>
            <int>0</int>
          </startNodeIndex>
          <distanceTravelledInMeters>
            <float>180.617371</float>
            <float>161.772385</float>
          </distanceTravelledInMeters>
          <reverseDirection>
            <boolean>false</boolean>
            <boolean>false</boolean>
          </reverseDirection>
          <loadWeightUSTons>48</loadWeightUSTons>
          <destinationTag>None</destinationTag>
          <unitNumber>147084</unitNumber>
        </RailVehicleStateClass>
        <RailVehicleStateClass>
          <rvXMLfilename>Run8_52ftwell_1NFI.xml</rvXMLfilename>
          <unitType>US_Freightcar</unitType>
          <currentRoutePrefix>
            <int>100</int>
            <int>100</int>
          </currentRoutePrefix>
          <currentTrackSectionIndex>
            <int>5670</int>
            <int>5670</int>
          </currentTrackSectionIndex>
          <startNodeIndex>
            <int>0</int>
            <int>0</int>
          </startNodeIndex>
          <distanceTravelledInMeters>
            <float>202.282379</float>
            <float>183.437378</float>
          </distanceTravelledInMeters>
          <reverseDirection>
            <boolean>false</boolean>
            <boolean>false</boolean>
          </reverseDirection>
          <loadWeightUSTons>33</loadWeightUSTons>
          <destinationTag>None</destinationTag>
          <unitNumber>458065</unitNumber>
        </RailVehicleStateClass>
        <RailVehicleStateClass>
          <rvXMLfilename>Run8_52ftwell_2China_NFI.xml</rvXMLfilename>
          <unitType>US_Freightcar</unitType>
          <currentRoutePrefix>
            <int>100</int>
            <int>100</int>
          </currentRoutePrefix>
          <currentTrackSectionIndex>
            <int>5670</int>
            <int>5670</int>
          </currentTrackSectionIndex>
          <startNodeIndex>
            <int>0</int>
            <int>0</int>
          </startNodeIndex>
          <distanceTravelledInMeters>
            <float>205.102371</float>
            <float>223.947372</float>
          </distanceTravelledInMeters>
          <reverseDirection>
            <boolean>true</boolean>
            <boolean>true</boolean>
          </reverseDirection>
          <loadWeightUSTons>48</loadWeightUSTons>
          <destinationTag>None</destinationTag>
          <unitNumber>715501</unitNumber>
        </RailVehicleStateClass>
        <RailVehicleStateClass>
          <rvXMLfilename>Run8_52ftwell_53_40_China_Hyundai.xml</rvXMLfilename>
          <unitType>US_Freightcar</unitType>
          <currentRoutePrefix>
            <int>100</int>
            <int>100</int>
          </currentRoutePrefix>
          <currentTrackSectionIndex>
            <int>5670</int>
            <int>5670</int>
          </currentTrackSectionIndex>
          <startNodeIndex>
            <int>0</int>
            <int>0</int>
          </startNodeIndex>
          <distanceTravelledInMeters>
            <float>226.76738</float>
            <float>245.612381</float>
          </distanceTravelledInMeters>
          <reverseDirection>
            <boolean>true</boolean>
            <boolean>true</boolean>
          </reverseDirection>
          <loadWeightUSTons>48</loadWeightUSTons>
          <destinationTag>None</destinationTag>
          <unitNumber>314061</unitNumber>
        </RailVehicleStateClass>
        <RailVehicleStateClass>
          <rvXMLfilename>Run8_52ftwell_53_40_Kline.xml</rvXMLfilename>
          <unitType>US_Freightcar</unitType>
          <currentRoutePrefix>
            <int>100</int>
            <int>100</int>
          </currentRoutePrefix>
          <currentTrackSectionIndex>
            <int>5670</int>
            <int>5670</int>
          </currentTrackSectionIndex>
          <startNodeIndex>
            <int>0</int>
            <int>0</int>
          </startNodeIndex>
          <distanceTravelledInMeters>
            <float>267.277374</float>
            <float>248.432373</float>
          </distanceTravelledInMeters>
          <reverseDirection>
            <boolean>false</boolean>
            <boolean>false</boolean>
          </reverseDirection>
          <loadWeightUSTons>48</loadWeightUSTons>
          <destinationTag>None</destinationTag>
          <unitNumber>422559</unitNumber>
        </RailVehicleStateClass>
        <RailVehicleStateClass>
          <rvXMLfilename>Run8_52ftwell_53_40_HyundaiNFI.xml</rvXMLfilename>
          <unitType>US_Freightcar</unitType>
          <currentRoutePrefix>
            <int>320</int>
            <int>100</int>
          </currentRoutePrefix>
          <currentTrackSectionIndex>
            <int>0</int>
            <int>5670</int>
          </currentTrackSectionIndex>
          <startNodeIndex>
            <int>0</int>
            <int>0</int>
          </startNodeIndex>
          <distanceTravelledInMeters>
            <float>10.942378</float>
            <float>270.097382</float>
          </distanceTravelledInMeters>
          <reverseDirection>
            <boolean>false</boolean>
            <boolean>false</boolean>
          </reverseDirection>
          <loadWeightUSTons>48</loadWeightUSTons>
          <destinationTag>None</destinationTag>
          <unitNumber>801400</unitNumber>
        </RailVehicleStateClass>
        <RailVehicleStateClass>
          <rvXMLfilename>Run8_52ftwell_2NFI.xml</rvXMLfilename>
          <unitType>US_Freightcar</unitType>
          <currentRoutePrefix>
            <int>320</int>
            <int>320</int>
          </currentRoutePrefix>
          <currentTrackSectionIndex>
            <int>0</int>
            <int>0</int>
          </currentTrackSectionIndex>
          <startNodeIndex>
            <int>0</int>
            <int>0</int>
          </startNodeIndex>
          <distanceTravelledInMeters>
            <float>13.7623777</float>
            <float>32.60238</float>
          </distanceTravelledInMeters>
          <reverseDirection>
            <boolean>true</boolean>
            <boolean>true</boolean>
          </reverseDirection>
          <loadWeightUSTons>48</loadWeightUSTons>
          <destinationTag>None</destinationTag>
          <unitNumber>345800</unitNumber>
        </RailVehicleStateClass>
        <RailVehicleStateClass>
          <rvXMLfilename>Run8_52ftwell_1Hanjin.xml</rvXMLfilename>
          <unitType>US_Freightcar</unitType>
          <currentRoutePrefix>
            <int>320</int>
            <int>320</int>
          </currentRoutePrefix>
          <currentTrackSectionIndex>
            <int>0</int>
            <int>0</int>
          </currentTrackSectionIndex>
          <startNodeIndex>
            <int>0</int>
            <int>0</int>
          </startNodeIndex>
          <distanceTravelledInMeters>
            <float>35.42738</float>
            <float>54.2673759</float>
          </distanceTravelledInMeters>
          <reverseDirection>
            <boolean>true</boolean>
            <boolean>true</boolean>
          </reverseDirection>
          <loadWeightUSTons>33</loadWeightUSTons>
          <destinationTag>None</destinationTag>
          <unitNumber>581570</unitNumber>
        </RailVehicleStateClass>
        <RailVehicleStateClass>
          <rvXMLfilename>Run8_52ftwell_53_40_Hyundai.xml</rvXMLfilename>
          <unitType>US_Freightcar</unitType>
          <currentRoutePrefix>
            <int>320</int>
            <int>320</int>
          </currentRoutePrefix>
          <currentTrackSectionIndex>
            <int>0</int>
            <int>0</int>
          </currentTrackSectionIndex>
          <startNodeIndex>
            <int>0</int>
            <int>0</int>
          </startNodeIndex>
          <distanceTravelledInMeters>
            <float>57.0973778</float>
            <float>75.9423752</float>
          </distanceTravelledInMeters>
          <reverseDirection>
            <boolean>true</boolean>
            <boolean>true</boolean>
          </reverseDirection>
          <loadWeightUSTons>48</loadWeightUSTons>
          <destinationTag>None</destinationTag>
          <unitNumber>927895</unitNumber>
        </RailVehicleStateClass>
        <RailVehicleStateClass>
          <rvXMLfilename>Run8_52ftwell_53_40_NFIHyundai.xml</rvXMLfilename>
          <unitType>US_Freightcar</unitType>
          <currentRoutePrefix>
            <int>320</int>
            <int>320</int>
          </currentRoutePrefix>
          <currentTrackSectionIndex>
            <int>0</int>
            <int>0</int>
          </currentTrackSectionIndex>
          <startNodeIndex>
            <int>0</int>
            <int>0</int>
          </startNodeIndex>
          <distanceTravelledInMeters>
            <float>97.61238</float>
            <float>78.76738</float>
          </distanceTravelledInMeters>
          <reverseDirection>
            <boolean>false</boolean>
            <boolean>false</boolean>
          </reverseDirection>
          <loadWeightUSTons>48</loadWeightUSTons>
          <destinationTag>None</destinationTag>
          <unitNumber>534095</unitNumber>
        </RailVehicleStateClass>
        <RailVehicleStateClass>
          <rvXMLfilename>Run8_52ftwell_53_40_HorizonHanjin.xml</rvXMLfilename>
          <unitType>US_Freightcar</unitType>
          <currentRoutePrefix>
            <int>320</int>
            <int>320</int>
          </currentRoutePrefix>
          <currentTrackSectionIndex>
            <int>0</int>
            <int>0</int>
          </currentTrackSectionIndex>
          <startNodeIndex>
            <int>0</int>
            <int>0</int>
          </startNodeIndex>
          <distanceTravelledInMeters>
            <float>119.282379</float>
            <float>100.442375</float>
          </distanceTravelledInMeters>
          <reverseDirection>
            <boolean>false</boolean>
            <boolean>false</boolean>
          </reverseDirection>
          <loadWeightUSTons>48</loadWeightUSTons>
          <destinationTag>None</destinationTag>
          <unitNumber>295688</unitNumber>
        </RailVehicleStateClass>
        <RailVehicleStateClass>
          <rvXMLfilename>Run8_52ftwell_2NFI.xml</rvXMLfilename>
          <unitType>US_Freightcar</unitType>
          <currentRoutePrefix>
            <int>320</int>
            <int>320</int>
          </currentRoutePrefix>
          <currentTrackSectionIndex>
            <int>0</int>
            <int>0</int>
          </currentTrackSectionIndex>
          <startNodeIndex>
            <int>0</int>
            <int>0</int>
          </startNodeIndex>
          <distanceTravelledInMeters>
            <float>140.957382</float>
            <float>122.112381</float>
          </distanceTravelledInMeters>
          <reverseDirection>
            <boolean>false</boolean>
            <boolean>false</boolean>
          </reverseDirection>
          <loadWeightUSTons>48</loadWeightUSTons>
          <destinationTag>None</destinationTag>
          <unitNumber>207134</unitNumber>
        </RailVehicleStateClass>
        <RailVehicleStateClass>
          <rvXMLfilename>Run8_52ftwell_53_40_Evergreen.xml</rvXMLfilename>
          <unitType>US_Freightcar</unitType>
          <currentRoutePrefix>
            <int>320</int>
            <int>320</int>
          </currentRoutePrefix>
          <currentTrackSectionIndex>
            <int>0</int>
            <int>0</int>
          </currentTrackSectionIndex>
          <startNodeIndex>
            <int>0</int>
            <int>0</int>
          </startNodeIndex>
          <distanceTravelledInMeters>
            <float>162.62738</float>
            <float>143.782379</float>
          </distanceTravelledInMeters>
          <reverseDirection>
            <boolean>false</boolean>
            <boolean>false</boolean>
          </reverseDirection>
          <loadWeightUSTons>48</loadWeightUSTons>
          <destinationTag>None</destinationTag>
          <unitNumber>762650</unitNumber>
        </RailVehicleStateClass>
        <RailVehicleStateClass>
          <rvXMLfilename>Run8_52ftwell_2Maersk.xml</rvXMLfilename>
          <unitType>US_Freightcar</unitType>
          <currentRoutePrefix>
            <int>320</int>
            <int>320</int>
          </currentRoutePrefix>
          <currentTrackSectionIndex>
            <int>0</int>
            <int>0</int>
          </currentTrackSectionIndex>
          <startNodeIndex>
            <int>0</int>
            <int>0</int>
          </startNodeIndex>
          <distanceTravelledInMeters>
            <float>184.297379</float>
            <float>165.452377</float>
          </distanceTravelledInMeters>
          <reverseDirection>
            <boolean>false</boolean>
            <boolean>false</boolean>
          </reverseDirection>
          <loadWeightUSTons>48</loadWeightUSTons>
          <destinationTag>None</destinationTag>
          <unitNumber>497640</unitNumber>
        </RailVehicleStateClass>
        <RailVehicleStateClass>
          <rvXMLfilename>Run8_52ftwell_53_40_HyundaiNFI.xml</rvXMLfilename>
          <unitType>US_Freightcar</unitType>
          <currentRoutePrefix>
            <int>320</int>
            <int>320</int>
          </currentRoutePrefix>
          <currentTrackSectionIndex>
            <int>1</int>
            <int>0</int>
          </currentTrackSectionIndex>
          <startNodeIndex>
            <int>0</int>
            <int>0</int>
          </startNodeIndex>
          <distanceTravelledInMeters>
            <float>5.96737766</float>
            <float>187.12738</float>
          </distanceTravelledInMeters>
          <reverseDirection>
            <boolean>false</boolean>
            <boolean>false</boolean>
          </reverseDirection>
          <loadWeightUSTons>48</loadWeightUSTons>
          <destinationTag>None</destinationTag>
          <unitNumber>938243</unitNumber>
        </RailVehicleStateClass>
        <RailVehicleStateClass>
          <rvXMLfilename>Run8_52ftwell_2NFI.xml</rvXMLfilename>
          <unitType>US_Freightcar</unitType>
          <currentRoutePrefix>
            <int>320</int>
            <int>320</int>
          </currentRoutePrefix>
          <currentTrackSectionIndex>
            <int>1</int>
            <int>1</int>
          </currentTrackSectionIndex>
          <startNodeIndex>
            <int>0</int>
            <int>0</int>
          </startNodeIndex>
          <distanceTravelledInMeters>
            <float>8.787377</float>
            <float>27.6323776</float>
          </distanceTravelledInMeters>
          <reverseDirection>
            <boolean>true</boolean>
            <boolean>true</boolean>
          </reverseDirection>
          <loadWeightUSTons>48</loadWeightUSTons>
          <destinationTag>None</destinationTag>
          <unitNumber>136917</unitNumber>
        </RailVehicleStateClass>
        <RailVehicleStateClass>
          <rvXMLfilename>Run8_ES44DC_BNSF02.xml</rvXMLfilename>
          <unitType>US_DieselEngine</unitType>
          <currentRoutePrefix>
            <int>320</int>
            <int>320</int>
          </currentRoutePrefix>
          <currentTrackSectionIndex>
            <int>1</int>
            <int>1</int>
          </currentTrackSectionIndex>
          <startNodeIndex>
            <int>0</int>
            <int>0</int>
          </startNodeIndex>
          <distanceTravelledInMeters>
            <float>33.1673775</float>
            <float>47.2773781</float>
          </distanceTravelledInMeters>
          <reverseDirection>
            <boolean>true</boolean>
            <boolean>true</boolean>
          </reverseDirection>
          <loadWeightUSTons>14.3182</loadWeightUSTons>
          <destinationTag>None</destinationTag>
          <unitNumber>7435</unitNumber>
        </RailVehicleStateClass>
        <RailVehicleStateClass>
          <rvXMLfilename>Run8_ES44DC_BNSF02.xml</rvXMLfilename>
          <unitType>US_DieselEngine</unitType>
          <currentRoutePrefix>
            <int>320</int>
            <int>320</int>
          </currentRoutePrefix>
          <currentTrackSectionIndex>
            <int>1</int>
            <int>2</int>
          </currentTrackSectionIndex>
          <startNodeIndex>
            <int>0</int>
            <int>0</int>
          </startNodeIndex>
          <distanceTravelledInMeters>
            <float>55.5173759</float>
            <float>9.62737751</float>
          </distanceTravelledInMeters>
          <reverseDirection>
            <boolean>true</boolean>
            <boolean>true</boolean>
          </reverseDirection>
          <loadWeightUSTons>16.4290276</loadWeightUSTons>
          <destinationTag>None</destinationTag>
          <unitNumber>7608</unitNumber>
        </RailVehicleStateClass>
      </unitLoaderList>
    </TrainLoader>
  </trainList>
  <flagList />
  <cameraXYZ>
    <X>387.963379</X>
    <Y>861.9364</Y>
    <Z>-851.8406</Z>
  </cameraXYZ>
  <camRotationXYZ>
    <X>-0.01606673</X>
    <Y>-7.106278</Y>
    <Z>0</Z>
  </camRotationXYZ>
  <camTileXZ>
    <x>90</x>
    <z>7</z>
  </camTileXZ>
  <date>2021-04-29T09:33:58.0861929Z</date>
  <saveGameType>Train</saveGameType>
  <signals />
  <switches />
  <description />
  <trackBulletins />
</ScnLoader>